link,name,portions,bookmarks,likes,comments,ingredients
https://eda.ru/recepty/salaty/olive-po-sovetski-20471,Оливье по-советски,10,5905,445,50,"
  
  Ингредиенты
  
    порции
    
      
    
      
  


  
    
      
        Картофель
      
    
    7 штук
  
  
    
      
        Морковь
      
    
    5 штук
  
  
    
      
        Маринованные огурцы
      
    
    6 штук
  
  
    
      
        Консервированный зеленый горошек
      
    
    1 банка
  
  
    
      
        Яйцо куриное
      
    
    6 штук
  
  
    
      
        Докторская колбаса
      
    
    300 г
  
  
    
      
        Сметана
      
    
    100 г
  
  
    
      
        Майонез
      
    
    200 г
  
  
    
      
        Соль
      
    
    по вкусу
  



	window.ga('set', 'dimension7', '|kartofel|morkov|marinovannye-ogurcy|konservirovannyj-zelenyj-goroshek|jajco-kurinoe|doktorskaja-kolbasa|smetana|majonez|sol|');
"
https://eda.ru/recepty/salaty/olive-s-krevetkami-avokado-domashnim-majonezom-20056,"Оливье с креветками, авакадо и домашним майонезом",4,1488,59,13,"
  
  Ингредиенты
  
    порции
    
      
    
      
  


  
    
      
        Очищенные вареные креветки
      
    
    200 г
  
  
    
      
        Авокадо
      
    
    2 штуки
  
  
    
      
        Морковь
      
    
    2 штуки
  
  
    
      
        Огурцы
      
    
    2 штуки
  
  
    
      
        Консервированный зеленый горошек
      
    
    1 банка
  
  
    
      
        Яйцо куриное
      
    
    2 штуки
  
  
    
      
        Лук репчатый
      
    
    1 головка
  
  
    
      
        Кешью
      
    
    1 стакан
  
  
    
      
        Сухая горчица
      
    
    1 столовая ложка
  
  
    
      
        Белый винный уксус
      
    
    1 чайная ложка
  
  
    
      
        Чеснок
      
    
    по вкусу
  
  
    
      
        Лимонный сок
      
    
    1 столовая ложка
  
  
    
      
        Морская соль
      
    
    по вкусу
  
  
    
      
        Перец черный молотый
      
    
    по вкусу
  
  
    
      
        Оливковое масло
      
    
    3 столовые ложки
  



	window.ga('set', 'dimension7', '|ochischennye-varenye-krevetki|avokado|morkov|ogurcy|konservirovannyj-zelenyj-goroshek|jajco-kurinoe|luk-repchatyj|keshju|suhaja-gorchica|belyj-vinnyj-uksus|chesnok|limonnyj-sok|morskaja-sol|perec-chernyj-molotyj|olivkovoe-maslo|');
"
https://eda.ru/recepty/salaty/olive-s-lososem-55915,Оливье с лососем,5,1146,38,3,"
  
  Ингредиенты
  
    порции
    
      
    
      
  


  
    
      
        Картофель
      
    
    200 г
  
  
    
      
        Консервированный зеленый горошек
      
    
    90 г
  
  
    
      
        Красный лук
      
    
    30 г
  
  
    
      
        Огурцы
      
    
    90 г
  
  
    
      
        Соленые огурцы
      
    
    90 г
  
  
    
      
        Морковь
      
    
    60 г
  
  
    
      
        Слабосоленая семга
      
    
    250 г
  
  
    
      
        Соль
      
    
    по вкусу
  
  
    
      
        Перец черный молотый
      
    
    по вкусу
  
  
    
      
        Укроп
      
    
    15 г
  
  
    
      
        Зеленый лук
      
    
    15 г
  
  
    
      
        Майонез
      
    
    80 г
  
  
    
      
        Лимонный сок
      
    
    5 мл
  
  
    
      
        Маринованный имбирь
      
    
    10 г
  



	window.ga('set', 'dimension7', '|kartofel|konservirovannyj-zelenyj-goroshek|krasnyj-luk|ogurcy|solenye-ogurcy|morkov|slabosolenaja-semga|sol|perec-chernyj-molotyj|ukrop|zelenyj-luk|majonez|limonnyj-sok|marinovannyj-imbir|');
"
https://eda.ru/recepty/salaty/olive-54990,Оливье,8,1141,42,3,"
  
  Ингредиенты
  
    порции
    
      
    
      
  


  
    
      
        Говядина
      
    
    300 г
  
  
    
      
        Картофель
      
    
    10 штук
  
  
    
      
        Морковь
      
    
    3 штуки
  
  
    
      
        Лук репчатый
      
    
    1 головка
  
  
    
      
        Соленые огурцы
      
    
    3 штуки
  
  
    
      
        Огурцы
      
    
    2 штуки
  
  
    
      
        Зеленый горошек
      
    
    1 банка
  
  
    
      
        Зеленый лук
      
    
    по вкусу
  
  
    
      
        Майонез
      
    
    по вкусу
  
  
    
      
        Соль
      
    
    по вкусу
  
  
    
      
        Перец черный молотый
      
    
    по вкусу
  
  
    
      
        Яйцо куриное
      
    
    3 штуки
  



	window.ga('set', 'dimension7', '|govjadina|kartofel|morkov|luk-repchatyj|solenye-ogurcy|ogurcy|zelenyj-goroshek|zelenyj-luk|majonez|sol|perec-chernyj-molotyj|jajco-kurinoe|');
"
https://eda.ru/recepty/salaty/olive-s-varenoj-kolbasoj-26436,Оливье с вареной колбасой,4,1031,93,11,"
  
  Ингредиенты
  
    порции
    
      
    
      
  


  
    
      
        Вареная колбаса
      
    
    250 г
  
  
    
      
        Картофель
      
    
    3 штуки
  
  
    
      
        Морковь
      
    
    1 штука
  
  
    
      
        Соленые огурцы
      
    
    2 штуки
  
  
    
      
        Яйцо куриное
      
    
    3 штуки
  
  
    
      
        Консервированный зеленый горошек
      
    
    45 г
  
  
    
      
        Соль
      
    
    по вкусу
  
  
    
      
        Майонез
      
    
    по вкусу
  



	window.ga('set', 'dimension7', '|varenaja-kolbasa|kartofel|morkov|solenye-ogurcy|jajco-kurinoe|konservirovannyj-zelenyj-goroshek|sol|majonez|');
"
https://eda.ru/recepty/salaty/salat-olive-s-mjasom-i-svezhimi-ogurcami-20594,Салат оливье с мясом и свежими огурцами,4,844,43,2,"
  
  Ингредиенты
  
    порции
    
      
    
      
  


  
    
      
        Консервированный зеленый горошек
      
    
    400 г
  
  
    
      
        Мясо
      
    
    300 г
  
  
    
      
        Яйцо куриное
      
    
    4 штуки
  
  
    
      
        Картофель
      
    
    350 г
  
  
    
      
        Огурцы
      
    
    150 г
  
  
    
      
        Морковь
      
    
    150 г
  
  
    
      
        Зеленый лук
      
    
    100 г
  
  
    
      
        Майонез
      
    
    по вкусу
  
  
    
      
        Соль
      
    
    по вкусу
  



	window.ga('set', 'dimension7', '|konservirovannyj-zelenyj-goroshek|mjaso|jajco-kurinoe|kartofel|ogurcy|morkov|zelenyj-luk|majonez|sol|');
"
https://eda.ru/recepty/salaty/nizkokalorijnij-olive-32007,Низкокалорийный оливье,2,717,24,4,"
  
  Ингредиенты
  
    порции
    
      
    
      
  


  
    
      
        Перец черный молотый
      
    
    по вкусу
  
  
    
      
        Белокочанная капуста
      
    
    300 г
  
  
    
      
        Яблочный уксус
      
    
    5 г
  
  
    
      
        Зеленый лук
      
    
    20 г
  
  
    
      
        Соевый соус
      
    
    10 мл
  
  
    
      
        Маринованные огурцы
      
    
    100 г
  
  
    
      
        Консервированный зеленый горошек
      
    
    100 г
  
  
    
      
        Сметана 20%-ная
      
    
    50 г
  
  
    
      
        Огурцы
      
    
    50 г
  
  
    
      
        Столовая горчица
      
    
    1 чайная ложка
  



	window.ga('set', 'dimension7', '|perec-chernyj-molotyj|belokochannaja-kapusta|jablochnyj-uksus|zelenyj-luk|soevyj-sous|marinovannye-ogurcy|konservirovannyj-zelenyj-goroshek|smetana-20-naja|ogurcy|stolovaja-gorchica|');
"
https://eda.ru/recepty/salaty/olive-s-shampinonami-26142,Оливье с шампиньонами,4,663,36,10,"
  
  Ингредиенты
  
    порции
    
      
    
      
  


  
    
      
        Картофель
      
    
    4 штуки
  
  
    
      
        Яйцо куриное
      
    
    4 штуки
  
  
    
      
        Соленые огурцы
      
    
    4 штуки
  
  
    
      
        Морковь
      
    
    1 штука
  
  
    
      
        Консервированный зеленый горошек
      
    
    1 банка
  
  
    
      
        Лук репчатый
      
    
    1 головка
  
  
    
      
        Майонез
      
    
    150 г
  
  
    
      
        Свежие шампиньоны
      
    
    200 г
  



	window.ga('set', 'dimension7', '|kartofel|jajco-kurinoe|solenye-ogurcy|morkov|konservirovannyj-zelenyj-goroshek|luk-repchatyj|majonez|svezhie-shampinony|');
"
https://eda.ru/recepty/salaty/olive-s-jablokami-26135,Оливье с яблоками,4,657,43,2,"
  
  Ингредиенты
  
    порции
    
      
    
      
  


  
    
      
        Картофель
      
    
    4 штуки
  
  
    
      
        Яблоко
      
    
    1 штука
  
  
    
      
        Яйцо куриное
      
    
    5 штук
  
  
    
      
        Говядина
      
    
    300 г
  
  
    
      
        Соленые огурцы
      
    
    3 штуки
  
  
    
      
        Консервированный зеленый горошек
      
    
    100 г
  
  
    
      
        Морковь
      
    
    3 штуки
  
  
    
      
        Лук репчатый
      
    
    1 головка
  
  
    
      
        Соль
      
    
    по вкусу
  
  
    
      
        Майонез
      
    
    130 г
  
  
    
      
        Перец черный молотый
      
    
    по вкусу
  



	window.ga('set', 'dimension7', '|kartofel|jabloko|jajco-kurinoe|govjadina|solenye-ogurcy|konservirovannyj-zelenyj-goroshek|morkov|luk-repchatyj|sol|majonez|perec-chernyj-molotyj|');
"
https://eda.ru/recepty/salaty/salat-olive-ot-shef-povara-restorana-bolshoj-s-file-ciplenka-na-grile-23939,Салат оливье от шеф-повара ресторана “Большой” с филе ципленка на гриле,2,432,10,2,"
  
  Ингредиенты
  
    порции
    
      
    
      
  


  
    
      
        Картофель
      
    
    180 г
  
  
    
      
        Морковь
      
    
    110 г
  
  
    
      
        Консервированный зеленый горошек
      
    
    100 г
  
  
    
      
        Огурцы
      
    
    160 г
  
  
    
      
        ""Кукурузный"" цыпленок
      
    
    260 г
  
  
    
      
        Яйцо куриное
      
    
    4 штуки
  
  
    
      
        Соль
      
    
    4 г
  
  
    
      
        Молотый сушеный чеснок
      
    
    4 г
  
  
    
      
        Майонез
      
    
    140 г
  
  
    
      
        Морская соль
      
    
    4 г
  
  
    
      
        Перец черный молотый
      
    
    4 г
  
  
    
      
        Салат мини романо
      
    
    40 г
  
  
    
      
        Кинза
      
    
    4 г
  
  
    
      
        Укроп
      
    
    4 г
  
  
    
      
        Петрушка
      
    
    4 г
  
  
    
      
        Сельдерей
      
    
    4 г
  
  
    
      
        Свежий тимьян
      
    
    по вкусу
  
  
    
      
        Оливковое масло
      
    
    по вкусу
  



	window.ga('set', 'dimension7', '|kartofel|morkov|konservirovannyj-zelenyj-goroshek|ogurcy|kukuruznyj-cyplenok|jajco-kurinoe|sol|molotyj-sushenyj-chesnok|majonez|morskaja-sol|perec-chernyj-molotyj|salat-mini-romano|kinza|ukrop|petrushka|selderej|svezhij-timjan|olivkovoe-maslo|');
"
https://eda.ru/recepty/salaty/olive-s-solenimi-ogurcami-26134,Оливье с солеными огурцами,4,376,34,3,"
  
  Ингредиенты
  
    порции
    
      
    
      
  


  
    
      
        Соленые огурцы
      
    
    2 штуки
  
  
    
      
        Консервированный зеленый горошек
      
    
    100 г
  
  
    
      
        Говядина
      
    
    300 г
  
  
    
      
        Картофель
      
    
    3 штуки
  
  
    
      
        Лук репчатый
      
    
    1 головка
  
  
    
      
        Майонез
      
    
    150 г
  
  
    
      
        Яйцо куриное
      
    
    2 штуки
  
  
    
      
        Петрушка
      
    
    1 пучок
  
  
    
      
        Соль
      
    
    по вкусу
  
  
    
      
        Перец черный молотый
      
    
    по вкусу
  



	window.ga('set', 'dimension7', '|solenye-ogurcy|konservirovannyj-zelenyj-goroshek|govjadina|kartofel|luk-repchatyj|majonez|jajco-kurinoe|petrushka|sol|perec-chernyj-molotyj|');
"
https://eda.ru/recepty/salaty/carskij-olive-35270,Царский оливье,2,375,11,4,"
  
  Ингредиенты
  
    порции
    
      
    
      
  


  
    
      
        Раковые шейки
      
    
    85 г
  
  
    
      
        Куриная грудка
      
    
    90 г
  
  
    
      
        Перепелиное яйцо
      
    
    2 штуки
  
  
    
      
        Салат романо
      
    
    2 головки
  
  
    
      
        Картофель
      
    
    150 г
  
  
    
      
        Морковь
      
    
    35 г
  
  
    
      
        Огурцы
      
    
    100 г
  
  
    
      
        Консервированный зеленый горошек
      
    
    30 г
  
  
    
      
        Зеленые яблоки
      
    
    40 г
  
  
    
      
        Лимон
      
    
    ½ штуки
  
  
    
      
        Зеленый лук
      
    
    4 г
  
  
    
      
        Маринованные огурцы
      
    
    40 г
  
  
    
      
        Каперсы
      
    
    10 г
  
  
    
      
        Зернистая горчица
      
    
    15 г
  
  
    
      
        Майонез
      
    
    50 г
  
  
    
      
        Вустерширский соус
      
    
    10 мл
  



	window.ga('set', 'dimension7', '|rakovye-shejki|kurinaja-grudka|perepelinoe-jajco|salat-romano|kartofel|morkov|ogurcy|konservirovannyj-zelenyj-goroshek|zelenye-jabloki|limon|zelenyj-luk|marinovannye-ogurcy|kapersy|zernistaja-gorchica|majonez|vustershirskij-sous|');
"
https://eda.ru/recepty/salaty/novogodnij-sovetskij-olive-s-govjadinoj-41519,Новогодний советский «Оливье» с говядиной,2,266,14,1,"
  
  Ингредиенты
  
    порции
    
      
    
      
  


  
    
      
        Салат романо
      
    
    60 г
  
  
    
      
        Картофель
      
    
    120 г
  
  
    
      
        Морковь
      
    
    50 г
  
  
    
      
        Зеленый горошек
      
    
    80 г
  
  
    
      
        Огурцы
      
    
    80 г
  
  
    
      
        Соленые огурцы
      
    
    60 г
  
  
    
      
        Зеленый лук
      
    
    10 г
  
  
    
      
        Яйцо куриное
      
    
    2 штуки
  
  
    
      
        Майонез
      
    
    50 г
  
  
    
      
        Говяжья вырезка
      
    
    120 г
  



	window.ga('set', 'dimension7', '|salat-romano|kartofel|morkov|zelenyj-goroshek|ogurcy|solenye-ogurcy|zelenyj-luk|jajco-kurinoe|majonez|govjazhja-vyrezka|');
"
https://eda.ru/recepty/salaty/olive-po-starinnomu-receptu-33157,Оливье по-старинному рецепту,6,248,6,2,"
  
  Ингредиенты
  
    порции
    
      
    
      
  


  
    
      
        Картофель
      
    
    6 штук
  
  
    
      
        Морковь
      
    
    3 штуки
  
  
    
      
        Лук
      
    
    2 штуки
  
  
    
      
        Кислые яблоки
      
    
    1 штука
  
  
    
      
        Маринованные огурцы
      
    
    2 штуки
  
  
    
      
        Куриное филе
      
    
    200 г
  
  
    
      
        Яйцо куриное
      
    
    3 штуки
  
  
    
      
        Соль
      
    
    по вкусу
  
  
    
      
        Перец черный молотый
      
    
    по вкусу
  
  
    
      
        Майонез
      
    
    по вкусу
  
  
    
      
        Консервированный зеленый горошек
      
    
    45 г
  



	window.ga('set', 'dimension7', '|kartofel|morkov|luk|kislye-jabloki|marinovannye-ogurcy|kurinoe-file|jajco-kurinoe|sol|perec-chernyj-molotyj|majonez|konservirovannyj-zelenyj-goroshek|');
"
https://eda.ru/recepty/salaty/olive-s-kopchenoj-riboj-i-kamchatskim-krabom-55912,Оливье с копченой рыбой и камчатским крабом,5,233,8,2,"
  
  Ингредиенты
  
    порции
    
      
    
      
  


  
    
      
        Копченый лосось
      
    
    250 г
  
  
    
      
        Консервированный зеленый горошек
      
    
    100 г
  
  
    
      
        Морковь
      
    
    100 г
  
  
    
      
        Картофель
      
    
    100 г
  
  
    
      
        Соленые огурцы
      
    
    150 г
  
  
    
      
        Яйцо куриное
      
    
    5 штук
  
  
    
      
        Майонез
      
    
    150 г
  
  
    
      
        Соль
      
    
    по вкусу
  
  
    
      
        Красная икра
      
    
    25 г
  
  
    
      
        Зеленый лук
      
    
    50 г
  
  
    
      
        Салат фризе
      
    
    10 г
  
  
    
      
        Огурцы
      
    
    75 г
  
  
    
      
        Крабы
      
    
    25 г
  
  
    
      
        Бальзамический крем
      
    
    по вкусу
  



	window.ga('set', 'dimension7', '|kopchenyj-losos|konservirovannyj-zelenyj-goroshek|morkov|kartofel|solenye-ogurcy|jajco-kurinoe|majonez|sol|krasnaja-ikra|zelenyj-luk|salat-frize|ogurcy|kraby|balzamicheskij-krem|');
"
https://eda.ru/recepty/salaty/vegetarianskij-olive-s-zharenim-adigejskim-sirom-51748,Вегетарианский оливье с жареным адыгейским сыром,6,224,10,0,"
  
  Ингредиенты
  
    порции
    
      
    
      
  


  
    
      
        Картофель
      
    
    5 штук
  
  
    
      
        Морковь
      
    
    2 штуки
  
  
    
      
        Маринованные огурцы
      
    
    350 г
  
  
    
      
        Консервированный зеленый горошек
      
    
    1 банка
  
  
    
      
        Адыгейский сыр
      
    
    300 г
  
  
    
      
        Зелень
      
    
    по вкусу
  
  
    
      
        Постный майонез
      
    
    по вкусу
  
  
    
      
        Асафетида
      
    
    ½ чайной ложки
  
  
    
      
        Перец черный молотый
      
    
    ½ чайной ложки
  
  
    
      
        Куркума
      
    
    ¼ чайной ложки
  
  
    
      
        Соль
      
    
    ½ чайной ложки
  



	window.ga('set', 'dimension7', '|kartofel|morkov|marinovannye-ogurcy|konservirovannyj-zelenyj-goroshek|adygejskij-syr|zelen|postnyj-majonez|asafetida|perec-chernyj-molotyj|kurkuma|sol|');
"
https://eda.ru/recepty/salaty/olive-s-pechenim-kartofelem-kuricej-i-govjazhim-jazikom-55891,"Оливье с печеным картофелем, курицей и говяжьим языком",1,214,8,2,"
  
  Ингредиенты
  
    порции
    
      
    
      
  


  
    
      
        Картофель
      
    
    100 г
  
  
    
      
        Морковь
      
    
    70 г
  
  
    
      
        Соленые огурцы
      
    
    55 г
  
  
    
      
        Огурцы
      
    
    60 г
  
  
    
      
        Перепелиное яйцо
      
    
    35 г
  
  
    
      
        Зеленый горошек
      
    
    50 г
  
  
    
      
        Куриное филе
      
    
    45 г
  
  
    
      
        Говяжий язык
      
    
    40 г
  
  
    
      
        Домашний майонез
      
    
    180 г
  
  
    
      
        Сметана
      
    
    70 г
  
  
    
      
        Красная икра
      
    
    по вкусу
  
  
    
      
        Чеснок
      
    
    по вкусу
  
  
    
      
        Коренья
      
    
    по вкусу
  
  
    
      
        Лавровый лист
      
    
    по вкусу
  
  
    
      
        Душистый перец горошком
      
    
    по вкусу
  
  
    
      
        Черный перец горошком
      
    
    по вкусу
  
  
    
      
        Оливковое масло
      
    
    по вкусу
  



	window.ga('set', 'dimension7', '|kartofel|morkov|solenye-ogurcy|ogurcy|perepelinoe-jajco|zelenyj-goroshek|kurinoe-file|govjazhij-jazyk|domashnij-majonez|smetana|krasnaja-ikra|chesnok|korenja|lavrovyj-list|dushistyj-perec-goroshkom|chernyj-perec-goroshkom|olivkovoe-maslo|');
"
https://eda.ru/recepty/salaty/olive-so-smetanoj-gorchicej-i-pechenoj-kuricej-34941,"Оливье со сметаной, горчицей и печеной курицей",6,212,12,3,"
  
  Ингредиенты
  
    порции
    
      
    
      
  


  
    
      
        Картофель
      
    
    300 г
  
  
    
      
        Куриное филе
      
    
    600 г
  
  
    
      
        Лук репчатый
      
    
    1 головка
  
  
    
      
        Морковь
      
    
    300 г
  
  
    
      
        Соленые огурцы
      
    
    100 г
  
  
    
      
        Стебель сельдерея
      
    
    2 штуки
  
  
    
      
        Яйцо куриное
      
    
    6 штук
  
  
    
      
        Замороженный зеленый горошек 
      
    
    300 г
  
  
    
      
        Соевый соус
      
    
    50 мл
  
  
    
      
        Сахар
      
    
    1 столовая ложка
  
  
    
      
        Растительное масло
      
    
    50 мл
  
  
    
      
        Сметана 20%-ная
      
    
    100 г
  
  
    
      
        Дижонская горчица
      
    
    2 столовые ложки
  
  
    
      
        Петрушка
      
    
    20 г
  
  
    
      
        Укроп
      
    
    20 г
  
  
    
      
        Соль
      
    
    по вкусу
  
  
    
      
        Перец черный молотый
      
    
    по вкусу
  



	window.ga('set', 'dimension7', '|kartofel|kurinoe-file|luk-repchatyj|morkov|solenye-ogurcy|stebel-seldereja|jajco-kurinoe|zamorozhennyj-zelenyj-goroshek|soevyj-sous|sahar|rastitelnoe-maslo|smetana-20-naja|dizhonskaja-gorchica|petrushka|ukrop|sol|perec-chernyj-molotyj|');
"
https://eda.ru/recepty/salaty/olive-s-krevetkami-i-kapersami-26493,Оливье с креветками и каперсами,4,211,7,1,"
  
  Ингредиенты
  
    порции
    
      
    
      
  


  
    
      
        Филе куриной грудки
      
    
    3 штуки
  
  
    
      
        Очищенные креветки
      
    
    30 штук
  
  
    
      
        Картофель
      
    
    5 штук
  
  
    
      
        Каперсы
      
    
    3 столовые ложки
  
  
    
      
        Маринованные огурцы
      
    
    5 штук
  
  
    
      
        Оливки, фаршированные лимоном
      
    
    10 штук
  
  
    
      
        Майонез «Провансаль»
      
    
    ½ банки
  
  
    
      
        Черная икра
      
    
    по вкусу
  



	window.ga('set', 'dimension7', '|file-kurinoj-grudki|ochischennye-krevetki|kartofel|kapersy|marinovannye-ogurcy|olivki-farshirovannye-limonom|majonez-provansal|chernaja-ikra|');
"
https://eda.ru/recepty/salaty/olive-s-olivkami-26440,Оливье с оливками,6,197,8,0,"
  
  Ингредиенты
  
    порции
    
      
    
      
  


  
    
      
        Говядина
      
    
    300 г
  
  
    
      
        Картофель
      
    
    500 г
  
  
    
      
        Соленые огурцы
      
    
    2 штуки
  
  
    
      
        Консервированный зеленый горошек
      
    
    3 столовые ложки
  
  
    
      
        Оливки, фаршированные лимоном
      
    
    10 штук
  
  
    
      
        Яйцо куриное
      
    
    2 штуки
  
  
    
      
        Соль
      
    
    по вкусу
  
  
    
      
        Майонез
      
    
    по вкусу
  
  
    
      
        Маринованный жемчужный лук
      
    
    10 штук
  



	window.ga('set', 'dimension7', '|govjadina|kartofel|solenye-ogurcy|konservirovannyj-zelenyj-goroshek|olivki-farshirovannye-limonom|jajco-kurinoe|sol|majonez|marinovannyj-zhemchuzhnyj-luk|');
"
https://eda.ru/recepty/salaty/olive-s-utkoj-55951,Оливье с уткой,10,176,3,0,"
  
  Ингредиенты
  
    порции
    
      
    
      
  


  
    
      
        Картофель
      
    
    200 г
  
  
    
      
        Яйцо куриное
      
    
    4 штуки
  
  
    
      
        Огурцы
      
    
    200 г
  
  
    
      
        Соленые огурцы
      
    
    200 г
  
  
    
      
        Морковь
      
    
    150 г
  
  
    
      
        Консервированный зеленый горошек
      
    
    100 г
  
  
    
      
        Перепелиное яйцо
      
    
    10 штук
  
  
    
      
        Утиная грудка
      
    
    400 г
  
  
    
      
        Растительное масло
      
    
    15 мл
  
  
    
      
        Кунжутное масло
      
    
    15 мл
  
  
    
      
        Чеснок
      
    
    5 г
  
  
    
      
        Имбирь
      
    
    5 г
  
  
    
      
        Сушеный зеленый лук
      
    
    3 г
  
  
    
      
        Молотый кориандр 
      
    
    1 г
  
  
    
      
        Кайенский перец
      
    
    на кончике ножа
  
  
    
      
        Соевый соус
      
    
    55 мл
  
  
    
      
        Мед
      
    
    5 г
  



	window.ga('set', 'dimension7', '|kartofel|jajco-kurinoe|ogurcy|solenye-ogurcy|morkov|konservirovannyj-zelenyj-goroshek|perepelinoe-jajco|utinaja-grudka|rastitelnoe-maslo|kunzhutnoe-maslo|chesnok|imbir|sushenyj-zelenyj-luk|molotyj-koriandr|kajenskij-perec|soevyj-sous|med|');
"
https://eda.ru/recepty/salaty/olive-s-domashnim-majonezom-21318,Оливье с домашним майонезом,6,161,9,2,"
  
  Ингредиенты
  
    порции
    
      
    
      
  


  
    
      
        Картофель
      
    
    500 г
  
  
    
      
        Мясо
      
    
    300 г
  
  
    
      
        Морковь
      
    
    2 штуки
  
  
    
      
        Соленые огурцы
      
    
    200 г
  
  
    
      
        Яйцо куриное
      
    
    4 штуки
  
  
    
      
        Консервированный зеленый горошек
      
    
    200 г
  
  
    
      
        Лук репчатый
      
    
    1 головка
  
  
    
      
        Горчица
      
    
    1 столовая ложка
  
  
    
      
        Яичный желток
      
    
    1 штука
  
  
    
      
        Уксус
      
    
    1 столовая ложка
  
  
    
      
        Растительное масло
      
    
    300 мл
  
  
    
      
        Соль
      
    
    по вкусу
  



	window.ga('set', 'dimension7', '|kartofel|mjaso|morkov|solenye-ogurcy|jajco-kurinoe|konservirovannyj-zelenyj-goroshek|luk-repchatyj|gorchica|jaichnyj-zheltok|uksus|rastitelnoe-maslo|sol|');
"
https://eda.ru/recepty/salaty/salat-olive-s-vetchinoj-i-ananasom-22903,Салат оливье с ветчиной и ананасом,4,161,8,0,"
  
  Ингредиенты
  
    порции
    
      
    
      
  


  
    
      
        Курица
      
    
    200 г
  
  
    
      
        Ветчина
      
    
    100 г
  
  
    
      
        Соль
      
    
    по вкусу
  
  
    
      
        Картофель
      
    
    200 г
  
  
    
      
        Ананас
      
    
    100 г
  
  
    
      
        Морковь
      
    
    1 штука
  
  
    
      
        Лук репчатый
      
    
    1 головка
  
  
    
      
        Перец черный молотый
      
    
    по вкусу
  
  
    
      
        Майонез
      
    
    100 г
  



	window.ga('set', 'dimension7', '|kurica|vetchina|sol|kartofel|ananas|morkov|luk-repchatyj|perec-chernyj-molotyj|majonez|');
"
https://eda.ru/recepty/salaty/olive-s-kopchenoj-kurinoj-grudkoj-55893,Оливье с копченой куриной грудкой,1,157,3,1,"
  
  Ингредиенты
  
    порции
    
      
    
      
  


  
    
      
        Картофель
      
    
    30 г
  
  
    
      
        Соленые огурцы
      
    
    40 г
  
  
    
      
        Морковь
      
    
    20 г
  
  
    
      
        Яйцо куриное
      
    
    1 штука
  
  
    
      
        Домашний майонез
      
    
    40 г
  
  
    
      
        Хрен
      
    
    10 г
  
  
    
      
        Зеленый горошек
      
    
    15 г
  
  
    
      
        Копченая куриная грудка
      
    
    30 г
  
  
    
      
        Говяжий язык
      
    
    20 г
  
  
    
      
        Соль
      
    
    по вкусу
  
  
    
      
        Перец черный молотый
      
    
    по вкусу
  
  
    
      
        Куриный бульон
      
    
    10 мл
  
  
    
      
        Желатин
      
    
    по вкусу
  
  
    
      
        Помидоры
      
    
    35 г
  
  
    
      
        Сахар
      
    
    по вкусу
  
  
    
      
        Винный уксус
      
    
    по вкусу
  
  
    
      
        Тимьян
      
    
    по вкусу
  



	window.ga('set', 'dimension7', '|kartofel|solenye-ogurcy|morkov|jajco-kurinoe|domashnij-majonez|hren|zelenyj-goroshek|kopchenaja-kurinaja-grudka|govjazhij-jazyk|sol|perec-chernyj-molotyj|kurinyj-bulon|zhelatin|pomidory|sahar|vinnyj-uksus|timjan|');
"
https://eda.ru/recepty/salaty/olive-s-rostbifom-26438,Оливье с ростбифом,2,148,12,0,"
  
  Ингредиенты
  
    порции
    
      
    
      
  


  
    
      
        Молодой картофель
      
    
    1 штука
  
  
    
      
        Морковь
      
    
    1 штука
  
  
    
      
        Яйцо куриное
      
    
    2 штуки
  
  
    
      
        Консервированный зеленый горошек
      
    
    ½ банки
  
  
    
      
        Лук репчатый
      
    
    ½ головки
  
  
    
      
        Ростбиф
      
    
    100 г
  
  
    
      
        Маринованные огурцы
      
    
    1 штука
  
  
    
      
        Майонез
      
    
    3 столовые ложки
  
  
    
      
        Дижонская горчица
      
    
    2 чайные ложки
  



	window.ga('set', 'dimension7', '|molodoj-kartofel|morkov|jajco-kurinoe|konservirovannyj-zelenyj-goroshek|luk-repchatyj|rostbif|marinovannye-ogurcy|majonez|dizhonskaja-gorchica|');
"
https://eda.ru/recepty/salaty/vegetarianskij-olive-s-avokado-34747,Вегетарианский оливье с авокадо,4,134,4,0,"
  
  Ингредиенты
  
    порции
    
      
    
      
  


  
    
      
        Консервированный зеленый горошек
      
    
    1 банка
  
  
    
      
        Авокадо
      
    
    2 штуки
  
  
    
      
        Зелень
      
    
    1 пучок
  
  
    
      
        Легкий майонез
      
    
    1 банка
  
  
    
      
        Картофель
      
    
    2 штуки
  
  
    
      
        Яйцо куриное
      
    
    4 штуки
  
  
    
      
        Морковь
      
    
    2 штуки
  
  
    
      
        Соленые огурцы
      
    
    3 штуки
  
  
    
      
        Маринованные огурцы
      
    
    1 штука
  



	window.ga('set', 'dimension7', '|konservirovannyj-zelenyj-goroshek|avokado|zelen|legkij-majonez|kartofel|jajco-kurinoe|morkov|solenye-ogurcy|marinovannye-ogurcy|');
"
https://eda.ru/recepty/salaty/ribnij-olive-22907,Рыбный оливье,4,120,10,1,"
  
  Ингредиенты
  
    порции
    
      
    
      
  


  
    
      
        Картофель
      
    
    200 г
  
  
    
      
        Морковь
      
    
    1 штука
  
  
    
      
        Копченая скумбрия
      
    
    1 штука
  
  
    
      
        Лук репчатый
      
    
    1 головка
  
  
    
      
        Консервированный зеленый горошек
      
    
    100 г
  
  
    
      
        Соль
      
    
    по вкусу
  
  
    
      
        Яблоко
      
    
    1 штука
  
  
    
      
        Майонез
      
    
    100 г
  
  
    
      
        Перец черный молотый
      
    
    по вкусу
  
  
    
      
        Зелень
      
    
    50 г
  



	window.ga('set', 'dimension7', '|kartofel|morkov|kopchenaja-skumbrija|luk-repchatyj|konservirovannyj-zelenyj-goroshek|sol|jabloko|majonez|perec-chernyj-molotyj|zelen|');
"
https://eda.ru/recepty/salaty/olive-po-gendelevski-14427,Оливье по-генделевски,4,118,4,0,"
  
  Ингредиенты
  
    порции
    
      
    
      
  


  
    
      
        Картофель
      
    
    4 штуки
  
  
    
      
        Морковь
      
    
    3 штуки
  
  
    
      
        Лук репчатый
      
    
    1 штука
  
  
    
      
        Маринованные огурцы
      
    
    3 штуки
  
  
    
      
        Яблоко
      
    
    1 штука
  
  
    
      
        Зеленый горошек
      
    
    по вкусу
  
  
    
      
        Куриная грудка
      
    
    200 г
  
  
    
      
        Копченая индейка
      
    
    100 г
  
  
    
      
        Телятина
      
    
    100 г
  
  
    
      
        Яйцо куриное
      
    
    4 штуки
  
  
    
      
        Майонез
      
    
    250 г
  
  
    
      
        Оливковое масло
      
    
    по вкусу
  
  
    
      
        Горчица
      
    
    по вкусу
  
  
    
      
        Соль
      
    
    по вкусу
  
  
    
      
        Сладкий перец
      
    
    1 штука
  
  
    
      
        Лимон
      
    
    1 штука
  
  
    
      
        Анчоусы
      
    
    2 штуки
  



	window.ga('set', 'dimension7', '|kartofel|morkov|luk-repchatyj|marinovannye-ogurcy|jabloko|zelenyj-goroshek|kurinaja-grudka|kopchenaja-indejka|teljatina|jajco-kurinoe|majonez|olivkovoe-maslo|gorchica|sol|sladkij-perec|limon|anchousy|');
"
https://eda.ru/recepty/salaty/olive-s-marinovannimi-gribami-26145,Оливье с маринованными грибами,4,116,13,0,"
  
  Ингредиенты
  
    порции
    
      
    
      
  


  
    
      
        Картофель
      
    
    2 штуки
  
  
    
      
        Яйцо куриное
      
    
    3 штуки
  
  
    
      
        Консервированный зеленый горошек
      
    
    150 г
  
  
    
      
        Красный лук
      
    
    1 головка
  
  
    
      
        Маринованные грибы
      
    
    200 г
  
  
    
      
        Майонез
      
    
    200 г
  
  
    
      
        Соль
      
    
    по вкусу
  
  
    
      
        Перец черный молотый
      
    
    по вкусу
  



	window.ga('set', 'dimension7', '|kartofel|jajco-kurinoe|konservirovannyj-zelenyj-goroshek|krasnyj-luk|marinovannye-griby|majonez|sol|perec-chernyj-molotyj|');
"
https://eda.ru/recepty/salaty/salat-olive-s-kabachkami-22906,Салат оливье с кабачками,4,111,6,1,"
  
  Ингредиенты
  
    порции
    
      
    
      
  


  
    
      
        Кабачки
      
    
    150 г
  
  
    
      
        Курица
      
    
    200 г
  
  
    
      
        Картофель
      
    
    200 г
  
  
    
      
        Яйцо куриное
      
    
    4 штуки
  
  
    
      
        Зелень
      
    
    50 г
  
  
    
      
        Морковь
      
    
    1 штука
  
  
    
      
        Соль
      
    
    по вкусу
  
  
    
      
        Перец черный молотый
      
    
    по вкусу
  
  
    
      
        Растительное масло
      
    
    2 столовые ложки
  
  
    
      
        Майонез
      
    
    100 г
  



	window.ga('set', 'dimension7', '|kabachki|kurica|kartofel|jajco-kurinoe|zelen|morkov|sol|perec-chernyj-molotyj|rastitelnoe-maslo|majonez|');
"
https://eda.ru/recepty/salaty/olive-s-rjabchikami-i-rakovimi-shejkami-19495,Оливье с рябчиками и раковыми шейками,4,107,5,0,"
  
  Ингредиенты
  
    порции
    
      
    
      
  


  
    
      
        Рябчик
      
    
    ½ штуки
  
  
    
      
        Картофель
      
    
    2 штуки
  
  
    
      
        Латук
      
    
    3 штуки
  
  
    
      
        Майонез «Провансаль»
      
    
    1,5 столовые ложки
  
  
    
      
        Огурцы
      
    
    1 штука
  
  
    
      
        Раковые шейки
      
    
    3 штуки
  
  
    
      
        Ланспик
      
    
    ¼ стакана
  
  
    
      
        Каперсы
      
    
    1 чайная ложка
  
  
    
      
        Оливки
      
    
    4 штуки
  
  
    
      
        Соус кабуль
      
    
    по вкусу
  



	window.ga('set', 'dimension7', '|rjabchik|kartofel|latuk|majonez-provansal|ogurcy|rakovye-shejki|lanspik|kapersy|olivki|sous-kabul|');
"
https://eda.ru/recepty/salaty/olive-so-svezhimi-ogurcami-28403,Оливье со свежими огурцами,4,101,4,0,"
  
  Ингредиенты
  
    порции
    
      
    
      
  


  
    
      
        Консервированный зеленый горошек
      
    
    150 г
  
  
    
      
        Огурцы
      
    
    200 г
  
  
    
      
        Яйцо куриное
      
    
    3 штуки
  
  
    
      
        Вареная колбаса
      
    
    200 г
  
  
    
      
        Зеленый лук
      
    
    по вкусу
  
  
    
      
        Петрушка
      
    
    по вкусу
  
  
    
      
        Укроп
      
    
    по вкусу
  
  
    
      
        Соль
      
    
    по вкусу
  
  
    
      
        Майонез
      
    
    по вкусу
  



	window.ga('set', 'dimension7', '|konservirovannyj-zelenyj-goroshek|ogurcy|jajco-kurinoe|varenaja-kolbasa|zelenyj-luk|petrushka|ukrop|sol|majonez|');
"
https://eda.ru/recepty/salaty/olive-dieticheskij-31683,Оливье диетический,3,96,1,0,"
  
  Ингредиенты
  
    порции
    
      
    
      
  


  
    
      
        Картофель
      
    
    2 штуки
  
  
    
      
        Морковь
      
    
    1 штука
  
  
    
      
        Консервированный зеленый горошек
      
    
    1 банка
  
  
    
      
        Яйцо куриное
      
    
    3 штуки
  
  
    
      
        Кислые яблоки
      
    
    1 штука
  
  
    
      
        Куриная грудка
      
    
    200 г
  
  
    
      
        Маринованные огурцы
      
    
    200 г
  
  
    
      
        Лимон
      
    
    по вкусу
  
  
    
      
        Натуральный йогурт
      
    
    200 г
  
  
    
      
        Соль
      
    
    по вкусу
  
  
    
      
        Перец черный молотый
      
    
    по вкусу
  
  
    
      
        Рубленая петрушка
      
    
    по вкусу
  



	window.ga('set', 'dimension7', '|kartofel|morkov|konservirovannyj-zelenyj-goroshek|jajco-kurinoe|kislye-jabloki|kurinaja-grudka|marinovannye-ogurcy|limon|naturalnyj-jogurt|sol|perec-chernyj-molotyj|rublenaja-petrushka|');
"
https://eda.ru/recepty/salaty/olive-po-staromoskovski-26139,Оливье по-старомосковски,4,93,1,0,"
  
  Ингредиенты
  
    порции
    
      
    
      
  


  
    
      
        Картофель
      
    
    4 штуки
  
  
    
      
        Яйцо куриное
      
    
    4 штуки
  
  
    
      
        Морковь
      
    
    1 штука
  
  
    
      
        Зеленый лук
      
    
    100 г
  
  
    
      
        Консервированный зеленый горошек
      
    
    1 банка
  
  
    
      
        Мясо краба
      
    
    200 г
  
  
    
      
        Соленые огурцы
      
    
    2 штуки
  
  
    
      
        Майонез
      
    
    по вкусу
  
  
    
      
        Огурцы
      
    
    1 штука
  



	window.ga('set', 'dimension7', '|kartofel|jajco-kurinoe|morkov|zelenyj-luk|konservirovannyj-zelenyj-goroshek|mjaso-kraba|solenye-ogurcy|majonez|ogurcy|');
"
https://eda.ru/recepty/salaty/salat-olive-s-pechenju-22904,Салат оливье с печенью,4,86,6,0,"
  
  Ингредиенты
  
    порции
    
      
    
      
  


  
    
      
        Печень
      
    
    200 г
  
  
    
      
        Лук репчатый
      
    
    2 головки
  
  
    
      
        Картофель
      
    
    200 г
  
  
    
      
        Майонез
      
    
    200 г
  
  
    
      
        Яйцо куриное
      
    
    5 штук
  
  
    
      
        Молоко
      
    
    500 мл
  
  
    
      
        Соль
      
    
    по вкусу
  
  
    
      
        Растительное масло
      
    
    2 столовые ложки
  
  
    
      
        Перец черный молотый
      
    
    по вкусу
  



	window.ga('set', 'dimension7', '|pechen|luk-repchatyj|kartofel|majonez|jajco-kurinoe|moloko|sol|rastitelnoe-maslo|perec-chernyj-molotyj|');
"
https://eda.ru/recepty/salaty/sloenij-olive-s-risom-26437,Слоеный оливье с рисом,4,83,4,3,"
  
  Ингредиенты
  
    порции
    
      
    
      
  


  
    
      
        Говядина
      
    
    150 г
  
  
    
      
        Рис
      
    
    100 г
  
  
    
      
        Сыр
      
    
    100 г
  
  
    
      
        Консервированный зеленый горошек
      
    
    100 г
  
  
    
      
        Лук репчатый
      
    
    1 головка
  
  
    
      
        Яйцо куриное
      
    
    4 штуки
  
  
    
      
        Соль
      
    
    по вкусу
  
  
    
      
        Майонез
      
    
    200 г
  



	window.ga('set', 'dimension7', '|govjadina|ris|syr|konservirovannyj-zelenyj-goroshek|luk-repchatyj|jajco-kurinoe|sol|majonez|');
"
https://eda.ru/recepty/salaty/olive-po-vesennemu-s-jazikom-36237,Оливье по-весеннему с языком,4,76,4,1,"
  
  Ингредиенты
  
    порции
    
      
    
      
  


  
    
      
        Картофель
      
    
    4 штуки
  
  
    
      
        Яйцо куриное
      
    
    3 штуки
  
  
    
      
        Консервированный зеленый горошек
      
    
    200 г
  
  
    
      
        Легкий майонез
      
    
    по вкусу
  
  
    
      
        Говяжий язык
      
    
    200 г
  
  
    
      
        Соль
      
    
    по вкусу
  
  
    
      
        Огурцы
      
    
    1 штука
  



	window.ga('set', 'dimension7', '|kartofel|jajco-kurinoe|konservirovannyj-zelenyj-goroshek|legkij-majonez|govjazhij-jazyk|sol|ogurcy|');
"
https://eda.ru/recepty/salaty/olive-s-krabom-i-antonovskim-jablokom-56083,Оливье с крабом и антоновским яблоком,4,72,1,0,"
  
  Ингредиенты
  
    порции
    
      
    
      
  


  
    
      
        Консервированные крабы
      
    
    300 г
  
  
    
      
        Картофель
      
    
    3 штуки
  
  
    
      
        Морковь
      
    
    2 штуки
  
  
    
      
        Маринованные огурцы
      
    
    3 штуки
  
  
    
      
        Огурцы
      
    
    1 штука
  
  
    
      
        Перепелиное яйцо
      
    
    5 штук
  
  
    
      
        Консервированный зеленый горошек
      
    
    200 г
  
  
    
      
        Антоновские яблоки
      
    
    1 штука
  
  
    
      
        Лук-порей
      
    
    ½ штуки
  
  
    
      
        Петрушка
      
    
    1 пучок
  
  
    
      
        Укроп
      
    
    1 пучок
  
  
    
      
        Яйцо куриное
      
    
    2 штуки
  
  
    
      
        Горчица
      
    
    ½ чайной ложки
  
  
    
      
        Сахар
      
    
    ½ чайной ложки
  
  
    
      
        Соль
      
    
    ½ чайной ложки
  
  
    
      
        Лимонный сок
      
    
    1 столовая ложка
  
  
    
      
        Оливковое масло
      
    
    12 столовых ложек
  



	window.ga('set', 'dimension7', '|konservirovannye-kraby|kartofel|morkov|marinovannye-ogurcy|ogurcy|perepelinoe-jajco|konservirovannyj-zelenyj-goroshek|antonovskie-jabloki|luk-porej|petrushka|ukrop|jajco-kurinoe|gorchica|sahar|sol|limonnyj-sok|olivkovoe-maslo|');
"
https://eda.ru/recepty/salaty/olive-s-rjabchikami-ikroj-26490,Оливье с рябчиками и икрой,4,71,5,0,"
  
  Ингредиенты
  
    порции
    
      
    
      
  


  
    
      
        Рябчик
      
    
    2 штуки
  
  
    
      
        Телячий язык
      
    
    1 штука
  
  
    
      
        Черная икра
      
    
    100 г
  
  
    
      
        Раки
      
    
    25 штук
  
  
    
      
        Пикули
      
    
    ½ банки
  
  
    
      
        Огурцы
      
    
    2 штуки
  
  
    
      
        Перепелиное яйцо
      
    
    10 штук
  
  
    
      
        Майонез «Провансаль»
      
    
    ½ банки
  
  
    
      
        Маринованные каперсы
      
    
    80 г
  



	window.ga('set', 'dimension7', '|rjabchik|teljachij-jazyk|chernaja-ikra|raki|pikuli|ogurcy|perepelinoe-jajco|majonez-provansal|marinovannye-kapersy|');
"
https://eda.ru/recepty/salaty/olive-iz-pushkina-91622,Оливье из «Пушкина»,1,70,2,0,"
  
  Ингредиенты
  
    порции
    
      
    
      
  


  
    
      
        Отварной картофель
      
    
    30 г
  
  
    
      
        Соленые огурцы
      
    
    20 г
  
  
    
      
        Яйцо куриное
      
    
    1 штука
  
  
    
      
        Копченая курица
      
    
    15 г
  
  
    
      
        Куриное филе
      
    
    40 г
  
  
    
      
        Консервированный зеленый горошек
      
    
    10 г
  
  
    
      
        Майонез
      
    
    60 г
  
  
    
      
        Кетчуп
      
    
    5 г
  
  
    
      
        Эндивий
      
    
    40 г
  
  
    
      
        Огурцы
      
    
    50 г
  
  
    
      
        Вареный говяжий язык
      
    
    15 г
  
  
    
      
        Корнишоны
      
    
    15 г
  
  
    
      
        Рябчик
      
    
    25 г
  
  
    
      
        Молотая паприка
      
    
    1 г
  
  
    
      
        Раки
      
    
    3 г
  
  
    
      
        Каперсы
      
    
    5 г
  
  
    
      
        Укроп
      
    
    3 г
  
  
    
      
        Черная икра
      
    
    5 г
  



	window.ga('set', 'dimension7', '|otvarnoj-kartofel|solenye-ogurcy|jajco-kurinoe|kopchenaja-kurica|kurinoe-file|konservirovannyj-zelenyj-goroshek|majonez|ketchup|jendivij|ogurcy|varenyj-govjazhij-jazyk|kornishony|rjabchik|molotaja-paprika|raki|kapersy|ukrop|chernaja-ikra|');
"
https://eda.ru/recepty/salaty/olive-s-krevetkami-33131,Оливье с креветками,7,66,3,1,"
  
  Ингредиенты
  
    порции
    
      
    
      
  


  
    
      
        Картофель
      
    
    6 штук
  
  
    
      
        Креветки
      
    
    500 г
  
  
    
      
        Морковь
      
    
    6 штук
  
  
    
      
        Яйцо куриное
      
    
    5 штук
  
  
    
      
        Корнишоны
      
    
    15 штук
  
  
    
      
        Огурцы
      
    
    2 штуки
  
  
    
      
        Легкий майонез
      
    
    200 г
  
  
    
      
        Соль
      
    
    по вкусу
  
  
    
      
        Свежемолотый черный перец
      
    
    по вкусу
  



	window.ga('set', 'dimension7', '|kartofel|krevetki|morkov|jajco-kurinoe|kornishony|ogurcy|legkij-majonez|sol|svezhemolotyj-chernyj-perec|');
"
https://eda.ru/recepty/salaty/siroedcheskij-olive-34777,Сыроедческий оливье,2,64,0,0,"
  
  Ингредиенты
  
    порции
    
      
    
      
  


  
    
      
        Батат
      
    
    1 штука
  
  
    
      
        Корень сельдерея
      
    
    250 г
  
  
    
      
        Соленые огурцы
      
    
    3 штуки
  
  
    
      
        Лук
      
    
    1 штука
  
  
    
      
        Оливковое масло
      
    
    5 столовых ложек
  
  
    
      
        Сырой кешью
      
    
    150 г
  
  
    
      
        Финики
      
    
    3 штуки
  
  
    
      
        Чеснок
      
    
    2 зубчика
  
  
    
      
        Лимонный сок
      
    
    40 мл
  
  
    
      
        Морская соль
      
    
    по вкусу
  



	window.ga('set', 'dimension7', '|batat|koren-seldereja|solenye-ogurcy|luk|olivkovoe-maslo|syroj-keshju|finiki|chesnok|limonnyj-sok|morskaja-sol|');
"
https://eda.ru/recepty/salaty/olive-s-kuricej-selderem-i-cvetnoj-kapustoj-47787,"«Оливье» с курицей, сельдерем и цветной капустой",5,61,2,2,"
  
  Ингредиенты
  
    порции
    
      
    
      
  


  
    
      
        Черный перец горошком
      
    
    4 штуки
  
  
    
      
        Куриная грудка с кожей
      
    
    1 штука
  
  
    
      
        Лавровый лист
      
    
    2 штуки
  
  
    
      
        Корень сельдерея
      
    
    2 штуки
  
  
    
      
        Морковь
      
    
    2 штуки
  
  
    
      
        Цветная капуста
      
    
    200 г
  
  
    
      
        Яйцо куриное
      
    
    3 штуки
  
  
    
      
        Замороженный зеленый горошек 
      
    
    200 г
  
  
    
      
        Соленые огурцы
      
    
    1 штука
  
  
    
      
        Подсолнечное масло
      
    
    120 мл
  
  
    
      
        Оливковое масло extra virgin
      
    
    40 мл
  
  
    
      
        Горчица
      
    
    ½ чайной ложки
  
  
    
      
        Соль
      
    
    ½ чайной ложки
  
  
    
      
        Сахар
      
    
    ½ чайной ложки
  
  
    
      
        Лимонный сок
      
    
    1 столовая ложка
  
  
    
      
        Зеленый лук с луковицей
      
    
    2 головки
  



	window.ga('set', 'dimension7', '|chernyj-perec-goroshkom|kurinaja-grudka-s-kozhej|lavrovyj-list|koren-seldereja|morkov|cvetnaja-kapusta|jajco-kurinoe|zamorozhennyj-zelenyj-goroshek|solenye-ogurcy|podsolnechnoe-maslo|olivkovoe-maslo-extra-virgin|gorchica|sol|sahar|limonnyj-sok|zelenyj-luk-s-lukovicej|');
"
https://eda.ru/recepty/salaty/salat-olive-s-kolrabi-36128,Салат оливье с кольраби,10,60,4,0,"
  
  Ингредиенты
  
    порции
    
      
    
      
  


  
    
      
        Кольраби
      
    
    6 штук
  
  
    
      
        Лук репчатый
      
    
    1 штука
  
  
    
      
        Морковь
      
    
    6 штук
  
  
    
      
        Чеснок
      
    
    3 зубчика
  
  
    
      
        Соленые огурцы
      
    
    300 г
  
  
    
      
        Ветчина
      
    
    300 г
  
  
    
      
        Соль
      
    
    по вкусу
  
  
    
      
        Перец черный молотый
      
    
    по вкусу
  
  
    
      
        Сахар
      
    
    по вкусу
  
  
    
      
        Яйцо куриное
      
    
    5 штук
  
  
    
      
        Горчица
      
    
    2 чайные ложки
  
  
    
      
        Куриная грудка
      
    
    5 кусков
  
  
    
      
        Домашний майонез
      
    
    500 г
  
  
    
      
        Куриные бедра
      
    
    3 штуки
  
  
    
      
        Вареный зеленый горошек 
      
    
    300 г
  



	window.ga('set', 'dimension7', '|kolrabi|luk-repchatyj|morkov|chesnok|solenye-ogurcy|vetchina|sol|perec-chernyj-molotyj|sahar|jajco-kurinoe|gorchica|kurinaja-grudka|domashnij-majonez|kurinye-bedra|varenyj-zelenyj-goroshek|');
"
https://eda.ru/recepty/salaty/olive-vegetarianskij-30523,Оливье вегетарианский,1,57,2,0,"
  
  Ингредиенты
  
    порции
    
      
    
      
  


  
    
      
        Кешью
      
    
    1 стакан
  
  
    
      
        Огурцы
      
    
    2 штуки
  
  
    
      
        Консервированный зеленый горошек
      
    
    1 банка
  
  
    
      
        Авокадо
      
    
    2 штуки
  
  
    
      
        Морковь
      
    
    1 штука
  
  
    
      
        Стебель сельдерея
      
    
    2 штуки
  



	window.ga('set', 'dimension7', '|keshju|ogurcy|konservirovannyj-zelenyj-goroshek|avokado|morkov|stebel-seldereja|');
"
https://eda.ru/recepty/salaty/olive-s-krasnim-sladkim-percem-kislim-jablokom-26140,Оливье с красным сладким перцем и кислым яблоком,4,56,1,1,"
  
  Ингредиенты
  
    порции
    
      
    
      
  


  
    
      
        Картофель
      
    
    5 штук
  
  
    
      
        Морковь
      
    
    2 штуки
  
  
    
      
        Консервированный зеленый горошек
      
    
    100 г
  
  
    
      
        Яйцо куриное
      
    
    4 штуки
  
  
    
      
        Яблоко
      
    
    1 штука
  
  
    
      
        Лук репчатый
      
    
    1 головка
  
  
    
      
        Красный сладкий перец
      
    
    1 штука
  
  
    
      
        Соль
      
    
    по вкусу
  
  
    
      
        Майонез
      
    
    200 г
  



	window.ga('set', 'dimension7', '|kartofel|morkov|konservirovannyj-zelenyj-goroshek|jajco-kurinoe|jabloko|luk-repchatyj|krasnyj-sladkij-perec|sol|majonez|');
"
https://eda.ru/recepty/salaty/olive-s-hurmoy-i-kamchatskim-krabom-91621,Оливье с хурмой и камчатским крабом,1,53,2,2,"
  
  Ингредиенты
  
    порции
    
      
    
      
  


  
    
      
        Хурма
      
    
    400 г
  
  
    
      
        Морковь
      
    
    300 г
  
  
    
      
        Огурцы
      
    
    200 г
  
  
    
      
        Соленые огурцы
      
    
    200 г
  
  
    
      
        Консервированный зеленый горошек
      
    
    300 г
  
  
    
      
        Фаланги краба
      
    
    600 г
  
  
    
      
        Майонез
      
    
    300 г
  
  
    
      
        Зеленый лук
      
    
    50 г
  
  
    
      
        Яйцо куриное
      
    
    10 штук
  



	window.ga('set', 'dimension7', '|hurma|morkov|ogurcy|solenye-ogurcy|konservirovannyj-zelenyj-goroshek|falangi-kraba|majonez|zelenyj-luk|jajco-kurinoe|');
"
https://eda.ru/recepty/salaty/dieticheskij-olive-s-moreproduktami-i-smetanoj-46440,Диетический «Оливье» с морепродуктами и сметаной,3,51,1,0,"
  
  Ингредиенты
  
    порции
    
      
    
      
  


  
    
      
        Картофель
      
    
    3 штуки
  
  
    
      
        Морковь
      
    
    1 штука
  
  
    
      
        Соленые огурцы
      
    
    2 штуки
  
  
    
      
        Перепелиное яйцо
      
    
    7 штук
  
  
    
      
        Мясо краба
      
    
    200 г
  
  
    
      
        Очищенные вареные креветки
      
    
    120 г
  
  
    
      
        Замороженный зеленый горошек 
      
    
    3 столовые ложки
  
  
    
      
        Сметана 10%-ная
      
    
    4 г
  
  
    
      
        Зеленый лук
      
    
    1 пучок
  



	window.ga('set', 'dimension7', '|kartofel|morkov|solenye-ogurcy|perepelinoe-jajco|mjaso-kraba|ochischennye-varenye-krevetki|zamorozhennyj-zelenyj-goroshek|smetana-10-naja|zelenyj-luk|');
"
https://eda.ru/recepty/salaty/olive-s-bekonom-26137,Оливье с беконом,4,49,4,0,"
  
  Ингредиенты
  
    порции
    
      
    
      
  


  
    
      
        Картофель
      
    
    3 штуки
  
  
    
      
        Лук репчатый
      
    
    1 головка
  
  
    
      
        Яйцо куриное
      
    
    4 штуки
  
  
    
      
        Консервированный зеленый горошек
      
    
    100 г
  
  
    
      
        Копченый бекон 
      
    
    200 г
  
  
    
      
        Огурцы
      
    
    2 штуки
  
  
    
      
        Перец черный молотый
      
    
    по вкусу
  
  
    
      
        Паприка
      
    
    1 чайная ложка
  
  
    
      
        Майонез
      
    
    200 г
  



	window.ga('set', 'dimension7', '|kartofel|luk-repchatyj|jajco-kurinoe|konservirovannyj-zelenyj-goroshek|kopchenyj-bekon|ogurcy|perec-chernyj-molotyj|paprika|majonez|');
"
https://eda.ru/recepty/osnovnye-blyuda/olive-s-rakami-i-zhele-91558,Оливье с раками и желе,1,48,1,0,"
  
  Ингредиенты
  
    порции
    
      
    
      
  


  
    
      
        Отварной картофель
      
    
    250 г
  
  
    
      
        Морковь
      
    
    200 г
  
  
    
      
        Соленые огурцы
      
    
    75 г
  
  
    
      
        Консервированный зеленый горошек
      
    
    250 г
  
  
    
      
        Яйцо куриное
      
    
    4 штуки
  
  
    
      
        Вареная говядина
      
    
    200 г
  
  
    
      
        Раковые шейки
      
    
    150 г
  
  
    
      
        Зеленый лук
      
    
    30 г
  
  
    
      
        Укроп
      
    
    10 г
  
  
    
      
        Петрушка
      
    
    10 г
  
  
    
      
        Кинза
      
    
    10 г
  
  
    
      
        Лук-шалот
      
    
    1 штука
  
  
    
      
        Чеснок
      
    
    1 зубчик
  
  
    
      
        Яблочный уксус
      
    
    1 чайная ложка
  
  
    
      
        Огурцы
      
    
    100 г
  
  
    
      
        Говяжий бульон
      
    
    200 мл
  
  
    
      
        Бульон из креветок
      
    
    200 мл
  
  
    
      
        Агар-агар
      
    
    1 столовая ложка
  
  
    
      
        Соль
      
    
    по вкусу
  
  
    
      
        Молотый белый перец
      
    
    по вкусу
  
  
    
      
        Кресс-салат
      
    
    по вкусу
  
  
    
      
        Греческий йогурт
      
    
    50 г
  
  
    
      
        Горчица
      
    
    2 столовые ложки
  
  
    
      
        Яичный желток
      
    
    2 штуки
  
  
    
      
        Растительное масло
      
    
    200 мл
  



	window.ga('set', 'dimension7', '|otvarnoj-kartofel|morkov|solenye-ogurcy|konservirovannyj-zelenyj-goroshek|jajco-kurinoe|varenaja-govjadina|rakovye-shejki|zelenyj-luk|ukrop|petrushka|kinza|luk-shalot|chesnok|jablochnyj-uksus|ogurcy|govjazhij-bulon|bulon-iz-krevetok|agar-agar|sol|molotyj-belyj-perec|kress-salat|grecheskij-jogurt|gorchica|jaichnyj-zheltok|rastitelnoe-maslo|');
"
https://eda.ru/recepty/salaty/olive-s-perepelkami-i-rakovimi-shejkami-55894,Оливье с перепелками и раковыми шейками,4,47,1,0,"
  
  Ингредиенты
  
    порции
    
      
    
      
  


  
    
      
        Филе перепела
      
    
    6 штук
  
  
    
      
        Картофель
      
    
    3 штуки
  
  
    
      
        Маринованные огурцы
      
    
    3 штуки
  
  
    
      
        Моченые яблоки
      
    
    2 штуки
  
  
    
      
        Латук
      
    
    3 штуки
  
  
    
      
        Раковые шейки
      
    
    6 штук
  
  
    
      
        Огурцы
      
    
    1 штука
  
  
    
      
        Стебель сельдерея
      
    
    2 стебля
  
  
    
      
        Желатин
      
    
    8 г
  
  
    
      
        Каперсы
      
    
    2 чайные ложки
  
  
    
      
        Замороженный зеленый горошек 
      
    
    4 столовые ложки
  
  
    
      
        Оливки
      
    
    6 штук
  
  
    
      
        Перепелиное яйцо
      
    
    5 штук
  
  
    
      
        Петрушка
      
    
    по вкусу
  
  
    
      
        Яичный желток
      
    
    1 штука
  
  
    
      
        Горчица
      
    
    1 чайная ложка
  
  
    
      
        Оливковое масло
      
    
    6 столовых ложек
  
  
    
      
        Вустерширский соус
      
    
    1 столовая ложка
  
  
    
      
        Соус табаско
      
    
    по вкусу
  
  
    
      
        Красная икра
      
    
    по вкусу
  



	window.ga('set', 'dimension7', '|file-perepela|kartofel|marinovannye-ogurcy|mochenye-jabloki|latuk|rakovye-shejki|ogurcy|stebel-seldereja|zhelatin|kapersy|zamorozhennyj-zelenyj-goroshek|olivki|perepelinoe-jajco|petrushka|jaichnyj-zheltok|gorchica|olivkovoe-maslo|vustershirskij-sous|sous-tabasko|krasnaja-ikra|');
"
https://eda.ru/recepty/salaty/postnyy-olive-s-krevetkami-i-medovo-gorchichnym-sousom-58419,Постный оливье с креветками и медово-горчичным соусом,4,46,1,0,"
  
  Ингредиенты
  
    порции
    
      
    
      
  


  
    
      
        Креветки
      
    
    500 г
  
  
    
      
        Морковь
      
    
    1 штука
  
  
    
      
        Картофель
      
    
    4 штуки
  
  
    
      
        Огурцы
      
    
    1 штука
  
  
    
      
        Соленые огурцы
      
    
    2 штуки
  
  
    
      
        Консервированный зеленый горошек
      
    
    1 банка
  
  
    
      
        Авокадо
      
    
    1 штука
  
  
    
      
        Постный майонез
      
    
    по вкусу
  
  
    
      
        Соль
      
    
    по вкусу
  
  
    
      
        Дижонская горчица
      
    
    2 столовые ложки
  
  
    
      
        Оливковое масло
      
    
    1,5 столовые ложки
  
  
    
      
        Подсолнечное масло
      
    
    1,5 столовые ложки
  
  
    
      
        Вода
      
    
    1,5 столовые ложки
  
  
    
      
        Мед
      
    
    1,5 столовые ложки
  
  
    
      
        Белый винный уксус
      
    
    2 чайные ложки
  



	window.ga('set', 'dimension7', '|krevetki|morkov|kartofel|ogurcy|solenye-ogurcy|konservirovannyj-zelenyj-goroshek|avokado|postnyj-majonez|sol|dizhonskaja-gorchica|olivkovoe-maslo|podsolnechnoe-maslo|voda|med|belyj-vinnyj-uksus|');
"
https://eda.ru/recepty/salaty/olive-s-utinoj-grudkoj-26138,Оливье с утиной грудкой,4,42,3,0,"
  
  Ингредиенты
  
    порции
    
      
    
      
  


  
    
      
        Картофель
      
    
    4 штуки
  
  
    
      
        Маринованные огурцы
      
    
    1 штука
  
  
    
      
        Морковь
      
    
    1 штука
  
  
    
      
        Лук репчатый
      
    
    1 головка
  
  
    
      
        Консервированный зеленый горошек
      
    
    150 г
  
  
    
      
        Копченая утиная грудка
      
    
    200 г
  
  
    
      
        Майонез
      
    
    200 г
  
  
    
      
        Соль
      
    
    по вкусу
  



	window.ga('set', 'dimension7', '|kartofel|marinovannye-ogurcy|morkov|luk-repchatyj|konservirovannyj-zelenyj-goroshek|kopchenaja-utinaja-grudka|majonez|sol|');
"
https://eda.ru/recepty/salaty/olive-s-morskim-koktejlem-33066,Оливье с морским коктейлем,7,39,3,0,"
  
  Ингредиенты
  
    порции
    
      
    
      
  


  
    
      
        Коктейль из морепродуктов
      
    
    400 г
  
  
    
      
        Соленые огурцы
      
    
    4 штуки
  
  
    
      
        Яйцо куриное
      
    
    7 штук
  
  
    
      
        Картофель
      
    
    5 штук
  
  
    
      
        Консервированный зеленый горошек
      
    
    ½ банки
  
  
    
      
        Домашний майонез
      
    
    по вкусу
  
  
    
      
        Морковь
      
    
    4 штуки
  
  
    
      
        Лимон
      
    
    1 штука
  
  
    
      
        Соль
      
    
    по вкусу
  



	window.ga('set', 'dimension7', '|koktejl-iz-moreproduktov|solenye-ogurcy|jajco-kurinoe|kartofel|konservirovannyj-zelenyj-goroshek|domashnij-majonez|morkov|limon|sol|');
"
https://eda.ru/recepty/salaty/olive-so-slabosolenym-lososem-i-yablokom-91631,Оливье со слабосоленым лососем и яблоком,2,35,3,0,"
  
  Ингредиенты
  
    порции
    
      
    
      
  


  
    
      
        Филе лосося
      
    
    530 г
  
  
    
      
        Соль
      
    
    20 г
  
  
    
      
        Сахар
      
    
    4 г
  
  
    
      
        Черный перец горошком
      
    
    0,3 г
  
  
    
      
        Измельченный укроп
      
    
    30 г
  
  
    
      
        Оливковое масло
      
    
    70 мл
  
  
    
      
        Яичный желток
      
    
    2 штуки
  
  
    
      
        Растительное масло
      
    
    125 мл
  
  
    
      
        Лимонный сок
      
    
    12 мл
  
  
    
      
        Дижонская горчица
      
    
    12 г
  
  
    
      
        Вода
      
    
    25 мл
  
  
    
      
        Свекольный сок
      
    
    20 мл
  
  
    
      
        Отварной картофель
      
    
    120 г
  
  
    
      
        Морковь
      
    
    80 г
  
  
    
      
        Огурцы
      
    
    80 г
  
  
    
      
        Яйцо куриное
      
    
    2 штуки
  
  
    
      
        Замороженный зеленый горошек 
      
    
    40 г
  
  
    
      
        Яблоко
      
    
    80 г
  
  
    
      
        Перец черный молотый
      
    
    по вкусу
  
  
    
      
        Красная икра
      
    
    5 г
  
  
    
      
        Кресс-салат
      
    
    2 г
  
  
    
      
        Зеленый горошек
      
    
    по вкусу
  
  
    
      
        Безе
      
    
    1 г
  



	window.ga('set', 'dimension7', '|file-lososja|sol|sahar|chernyj-perec-goroshkom|izmelchennyj-ukrop|olivkovoe-maslo|jaichnyj-zheltok|rastitelnoe-maslo|limonnyj-sok|dizhonskaja-gorchica|voda|svekolnyj-sok|otvarnoj-kartofel|morkov|ogurcy|jajco-kurinoe|zamorozhennyj-zelenyj-goroshek|jabloko|perec-chernyj-molotyj|krasnaja-ikra|kress-salat|zelenyj-goroshek|beze|');
"
https://eda.ru/recepty/salaty/olive-s-servelatom-26136,Оливье с сервелатом,6,33,1,0,"
  
  Ингредиенты
  
    порции
    
      
    
      
  


  
    
      
        Картофель
      
    
    3 штуки
  
  
    
      
        Морковь
      
    
    1 штука
  
  
    
      
        Лук репчатый
      
    
    1 головка
  
  
    
      
        Яйцо куриное
      
    
    4 штуки
  
  
    
      
        Консервированный зеленый горошек
      
    
    230 г
  
  
    
      
        Сервелат
      
    
    200 г
  
  
    
      
        Майонез
      
    
    200 г
  
  
    
      
        Соль
      
    
    по вкусу
  
  
    
      
        Перец черный молотый
      
    
    по вкусу
  
  
    
      
        Зелень
      
    
    по вкусу
  



	window.ga('set', 'dimension7', '|kartofel|morkov|luk-repchatyj|jajco-kurinoe|konservirovannyj-zelenyj-goroshek|servelat|majonez|sol|perec-chernyj-molotyj|zelen|');
"
https://eda.ru/recepty/salaty/olive-s-kopchenoy-grudkoy-cesarki-91627,Оливье с копченой грудкой цесарки,1,28,0,0,"
  
  Ингредиенты
  
    порции
    
      
    
      
  


  
    
      
        Картофель
      
    
    35 г
  
  
    
      
        Морковь
      
    
    18 г
  
  
    
      
        Консервированный зеленый горошек
      
    
    15 г
  
  
    
      
        Огурцы
      
    
    15 г
  
  
    
      
        Яйцо куриное
      
    
    1 штука
  
  
    
      
        Зеленый лук
      
    
    4 г
  
  
    
      
        Майонез
      
    
    25 г
  
  
    
      
        Соль
      
    
    1 г
  
  
    
      
        Перец черный молотый
      
    
    1 г
  
  
    
      
        Трюфельное масло
      
    
    6 мл
  
  
    
      
        Свиной окорок
      
    
    20 г
  
  
    
      
        Каперсы с черенком
      
    
    1 штука
  
  
    
      
        Маслины
      
    
    1 штука
  
  
    
      
        Грудка цесарки
      
    
    30 г
  
  
    
      
        Укроп
      
    
    10 г
  
  
    
      
        Моченые яблоки
      
    
    20 г
  



	window.ga('set', 'dimension7', '|kartofel|morkov|konservirovannyj-zelenyj-goroshek|ogurcy|jajco-kurinoe|zelenyj-luk|majonez|sol|perec-chernyj-molotyj|trjufelnoe-maslo|svinoj-okorok|kapersy-s-cherenkom|masliny|grudka-cesarki|ukrop|mochenye-jabloki|');
"
https://eda.ru/recepty/salaty/olive-s-oleninoy-i-percem-26143,Оливье с олениной и перцем,4,26,3,0,"
  
  Ингредиенты
  
    порции
    
      
    
      
  


  
    
      
        Картофель
      
    
    3 штуки
  
  
    
      
        Морковь
      
    
    1 штука
  
  
    
      
        Лук репчатый
      
    
    1 головка
  
  
    
      
        Яйцо куриное
      
    
    3 штуки
  
  
    
      
        Консервированный зеленый горошек
      
    
    150 г
  
  
    
      
        Копченая оленина
      
    
    300 г
  
  
    
      
        Майонез
      
    
    230 г
  
  
    
      
        Соль
      
    
    по вкусу
  
  
    
      
        Смесь молотых перцев 
      
    
    ½ чайной ложки
  



	window.ga('set', 'dimension7', '|kartofel|morkov|luk-repchatyj|jajco-kurinoe|konservirovannyj-zelenyj-goroshek|kopchenaja-olenina|majonez|sol|smes-molotyh-percev|');
"
https://eda.ru/recepty/salaty/olive-s-kopchenoj-kuricej-31320,Оливье с копченой курицей,5,26,1,0,"
  
  Ингредиенты
  
    порции
    
      
    
      
  


  
    
      
        Картофель
      
    
    3 штуки
  
  
    
      
        Яйцо куриное
      
    
    3 штуки
  
  
    
      
        Консервированная кукуруза
      
    
    1 банка
  
  
    
      
        Огурцы
      
    
    2 штуки
  
  
    
      
        Куриные копченые окорочка 
      
    
    1 штука
  
  
    
      
        Соль
      
    
    по вкусу
  
  
    
      
        Майонез
      
    
    по вкусу
  



	window.ga('set', 'dimension7', '|kartofel|jajco-kurinoe|konservirovannaja-kukuruza|ogurcy|kurinye-kopchenye-okorochka|sol|majonez|');
"
https://eda.ru/recepty/salaty/olive-s-makaronami-25144,Оливье с макаронами,4,20,2,0,"
  
  Ингредиенты
  
    порции
    
      
    
      
  


  
    
      
        Макароны
      
    
    300 г
  
  
    
      
        Яйцо куриное
      
    
    4 штуки
  
  
    
      
        Огурцы
      
    
    150 г
  
  
    
      
        Лук репчатый
      
    
    1 головка
  
  
    
      
        Соль
      
    
    по вкусу
  
  
    
      
        Майонез
      
    
    по вкусу
  
  
    
      
        Докторская колбаса
      
    
    250 г
  
  
    
      
        Консервированный зеленый горошек
      
    
    350 г
  
  
    
      
        Морковь
      
    
    2 штуки
  



	window.ga('set', 'dimension7', '|makarony|jajco-kurinoe|ogurcy|luk-repchatyj|sol|majonez|doktorskaja-kolbasa|konservirovannyj-zelenyj-goroshek|morkov|');
"
https://eda.ru/recepty/salaty/olive-po-novomu-30566,Оливье по-новому,6,19,2,0,"
  
  Ингредиенты
  
    порции
    
      
    
      
  


  
    
      
        Картофель
      
    
    3 штуки
  
  
    
      
        Соленые огурцы
      
    
    5 штук
  
  
    
      
        Морковь
      
    
    1 штука
  
  
    
      
        Лук репчатый
      
    
    1 головка
  
  
    
      
        Докторская колбаса
      
    
    200 г
  
  
    
      
        Консервированный зеленый горошек
      
    
    200 г
  
  
    
      
        Пшеничная мука
      
    
    2 столовые ложки
  
  
    
      
        Майонез
      
    
    по вкусу
  
  
    
      
        Сыр
      
    
    150 г
  
  
    
      
        Яйцо куриное
      
    
    3 штуки
  
  
    
      
        Растительное масло
      
    
    1 столовая ложка
  



	window.ga('set', 'dimension7', '|kartofel|solenye-ogurcy|morkov|luk-repchatyj|doktorskaja-kolbasa|konservirovannyj-zelenyj-goroshek|pshenichnaja-muka|majonez|syr|jajco-kurinoe|rastitelnoe-maslo|');
"
https://eda.ru/recepty/salaty/olive-zhivago-81325,Оливье «Живаго»,2,17,0,0,"
  
  Ингредиенты
  
    порции
    
      
    
      
  


  
    
      
        Картофель
      
    
    2 штуки
  
  
    
      
        Морковь
      
    
    1 штука
  
  
    
      
        Яйцо куриное
      
    
    1 штука
  
  
    
      
        Консервированный зеленый горошек
      
    
    100 г
  
  
    
      
        Докторская колбаса
      
    
    100 г
  
  
    
      
        Говяжий язык
      
    
    100 г
  
  
    
      
        Копченая курица
      
    
    100 г
  
  
    
      
        Перепелиное яйцо
      
    
    16 штук
  
  
    
      
        Соленые огурцы
      
    
    1 г
  
  
    
      
        Легкий майонез
      
    
    4 столовые ложки
  
  
    
      
        Горчица
      
    
    1 столовая ложка
  
  
    
      
        Укроп
      
    
    1 веточка
  
  
    
      
        Перец черный молотый
      
    
    по вкусу
  



	window.ga('set', 'dimension7', '|kartofel|morkov|jajco-kurinoe|konservirovannyj-zelenyj-goroshek|doktorskaja-kolbasa|govjazhij-jazyk|kopchenaja-kurica|perepelinoe-jajco|solenye-ogurcy|legkij-majonez|gorchica|ukrop|perec-chernyj-molotyj|');
"
https://eda.ru/recepty/salaty/olive-s-varenoj-kolbasoj-i-solenimi-ogurcami-45146,«Оливье» с вареной колбасой и солеными огурцами,4,17,1,0,"
  
  Ингредиенты
  
    порции
    
      
    
      
  


  
    
      
        Картофель
      
    
    6 штук
  
  
    
      
        Яйцо куриное
      
    
    7 штук
  
  
    
      
        Вареная колбаса
      
    
    500 г
  
  
    
      
        Зеленый горошек
      
    
    2 банки
  
  
    
      
        Соленые огурцы
      
    
    4 штуки
  
  
    
      
        Майонез
      
    
    500 г
  
  
    
      
        Соль
      
    
    по вкусу
  
  
    
      
        Перец черный молотый
      
    
    по вкусу
  



	window.ga('set', 'dimension7', '|kartofel|jajco-kurinoe|varenaja-kolbasa|zelenyj-goroshek|solenye-ogurcy|majonez|sol|perec-chernyj-molotyj|');
"
https://eda.ru/recepty/salaty/olive-s-kapersami-26141,Оливье с каперсами,6,16,0,0,"
  
  Ингредиенты
  
    порции
    
      
    
      
  


  
    
      
        Картофель
      
    
    4 штуки
  
  
    
      
        Морковь
      
    
    1 штука
  
  
    
      
        Яйцо куриное
      
    
    2 штуки
  
  
    
      
        Маринованные огурцы
      
    
    2 штуки
  
  
    
      
        Белый лук
      
    
    1 головка
  
  
    
      
        Консервированный зеленый горошек
      
    
    100 г
  
  
    
      
        Майонез
      
    
    200 г
  
  
    
      
        Перец черный молотый
      
    
    по вкусу
  
  
    
      
        Маринованные каперсы
      
    
    150 г
  
  
    
      
        Соль
      
    
    по вкусу
  



	window.ga('set', 'dimension7', '|kartofel|morkov|jajco-kurinoe|marinovannye-ogurcy|belyj-luk|konservirovannyj-zelenyj-goroshek|majonez|perec-chernyj-molotyj|marinovannye-kapersy|sol|');
"
https://eda.ru/recepty/salaty/salat-olive-s-lososem-ot-restorana-91776,Салат оливье с лососем от ресторана,1,15,0,0,"
  
  Ингредиенты
  
    порции
    
      
    
      
  


  
    
      
        Картофель
      
    
    40 г
  
  
    
      
        Морковь
      
    
    20 г
  
  
    
      
        Огурцы
      
    
    30 г
  
  
    
      
        Соленые огурцы
      
    
    20 г
  
  
    
      
        Яйцо куриное
      
    
    2 штуки
  
  
    
      
        Слабосоленый лосось
      
    
    40 г
  
  
    
      
        Маслины
      
    
    1 г
  
  
    
      
        Икра
      
    
    7 г
  
  
    
      
        Помидоры черри
      
    
    15 г
  
  
    
      
        Салат фризе
      
    
    5 г
  
  
    
      
        Майонез
      
    
    30 г
  
  
    
      
        Хрен
      
    
    10 г
  



	window.ga('set', 'dimension7', '|kartofel|morkov|ogurcy|solenye-ogurcy|jajco-kurinoe|slabosolenyj-losos|masliny|ikra|pomidory-cherri|salat-frize|majonez|hren|');
"
https://eda.ru/recepty/salaty/vegetarianskij-olive-s-seldereem-i-gorchichnim-sousom-47970,Вегетарианский оливье с сельдереем и горчичным соусом,4,15,0,0,"
  
  Ингредиенты
  
    порции
    
      
    
      
  


  
    
      
        Картофель
      
    
    4 штуки
  
  
    
      
        Морковь
      
    
    1 штука
  
  
    
      
        Соленые огурцы
      
    
    1 штука
  
  
    
      
        Огурцы
      
    
    1 штука
  
  
    
      
        Зеленый горошек
      
    
    100 г
  
  
    
      
        Красный лук
      
    
    1 штука
  
  
    
      
        Корень сельдерея
      
    
    1 штука
  
  
    
      
        Яйцо куриное
      
    
    6 штук
  
  
    
      
        Оливковое масло
      
    
    2 столовые ложки
  
  
    
      
        Дижонская горчица
      
    
    1 столовая ложка
  
  
    
      
        Соль
      
    
    щепотка
  
  
    
      
        Перец черный молотый
      
    
    по вкусу
  
  
    
      
        Петрушка
      
    
    1 пучок
  
  
    
      
        Укроп
      
    
    1 пучок
  



	window.ga('set', 'dimension7', '|kartofel|morkov|solenye-ogurcy|ogurcy|zelenyj-goroshek|krasnyj-luk|koren-seldereja|jajco-kurinoe|olivkovoe-maslo|dizhonskaja-gorchica|sol|perec-chernyj-molotyj|petrushka|ukrop|');
"
https://eda.ru/recepty/salaty/olive-s-govjazhim-jazikom-i-maslinami-46408,Оливье с говяжьим языком и маслинами,4,14,0,0,"
  
  Ингредиенты
  
    порции
    
      
    
      
  


  
    
      
        Картофель
      
    
    4 штуки
  
  
    
      
        Морковь
      
    
    2 штуки
  
  
    
      
        Зеленый горошек
      
    
    1 банка
  
  
    
      
        Перепелиное яйцо
      
    
    8 штук
  
  
    
      
        Огурцы
      
    
    2 штуки
  
  
    
      
        Помидоры черри
      
    
    8 штук
  
  
    
      
        Вареный говяжий язык
      
    
    300 г
  
  
    
      
        Маслины
      
    
    ½ банки
  



	window.ga('set', 'dimension7', '|kartofel|morkov|zelenyj-goroshek|perepelinoe-jajco|ogurcy|pomidory-cherri|varenyj-govjazhij-jazyk|masliny|');
"
https://eda.ru/recepty/salaty/olive-s-oleninoy-91623,Оливье с олениной,1,13,0,0,"
  
  Ингредиенты
  
    порции
    
      
    
      
  


  
    
      
        Оленина
      
    
    20 г
  
  
    
      
        Картофель
      
    
    40 г
  
  
    
      
        Зеленый горошек
      
    
    8 г
  
  
    
      
        Морковь
      
    
    40 г
  
  
    
      
        Соленые огурцы
      
    
    35 г
  
  
    
      
        Редис
      
    
    10 г
  
  
    
      
        Перепелиное яйцо
      
    
    1 штука
  
  
    
      
        Зеленый лук
      
    
    4 г
  
  
    
      
        Кресс-салат
      
    
    3 г
  
  
    
      
        Замороженный зеленый горошек 
      
    
    5 г
  
  
    
      
        Черная смородина
      
    
    30 г
  
  
    
      
        Сахар
      
    
    20 г
  
  
    
      
        Кислота лимонная
      
    
    щепотка
  
  
    
      
        Соус айоли
      
    
    30 г
  
  
    
      
        Лук-резанец
      
    
    3 г
  
  
    
      
        Растительное масло
      
    
    30 мл
  



	window.ga('set', 'dimension7', '|olenina|kartofel|zelenyj-goroshek|morkov|solenye-ogurcy|redis|perepelinoe-jajco|zelenyj-luk|kress-salat|zamorozhennyj-zelenyj-goroshek|chernaja-smorodina|sahar|kislota-limonnaja|sous-ajoli|luk-rezanec|rastitelnoe-maslo|');
"
https://eda.ru/recepty/zakuski/olive-s-utkoj-po-receptu-njani-i-i-oblomova-53070,Оливье с уткой по рецепту няни И.И.Обломова,8,13,0,0,"
  
  Ингредиенты
  
    порции
    
      
    
      
  


  
    
      
        Утиное филе
      
    
    250 г
  
  
    
      
        Картофель
      
    
    3 штуки
  
  
    
      
        Морковь
      
    
    2 штуки
  
  
    
      
        Яйцо куриное
      
    
    5 штук
  
  
    
      
        Маринованные огурцы
      
    
    3 штуки
  
  
    
      
        Огурцы
      
    
    1 штука
  
  
    
      
        Свиной копченый окорок
      
    
    200 г
  
  
    
      
        Консервированный зеленый горошек
      
    
    1 банка
  
  
    
      
        Антоновские яблоки
      
    
    1 штука
  
  
    
      
        Майонез
      
    
    по вкусу
  
  
    
      
        Соль
      
    
    по вкусу
  
  
    
      
        Перец черный молотый
      
    
    по вкусу
  



	window.ga('set', 'dimension7', '|utinoe-file|kartofel|morkov|jajco-kurinoe|marinovannye-ogurcy|ogurcy|svinoj-kopchenyj-okorok|konservirovannyj-zelenyj-goroshek|antonovskie-jabloki|majonez|sol|perec-chernyj-molotyj|');
"
https://eda.ru/recepty/salaty/salat-olive-52929,Салат «Оливье»,4,8,0,0,"
  
  Ингредиенты
  
    порции
    
      
    
      
  


  
    
      
        Докторская колбаса
      
    
    300 г
  
  
    
      
        Картофель
      
    
    4 штуки
  
  
    
      
        Морковь
      
    
    1 штука
  
  
    
      
        Яйцо куриное
      
    
    4 штуки
  
  
    
      
        Лук репчатый
      
    
    1 штука
  
  
    
      
        Маринованные огурцы
      
    
    4 штуки
  
  
    
      
        Консервированный зеленый горошек
      
    
    ½ банки
  
  
    
      
        Майонез
      
    
    по вкусу
  
  
    
      
        Соль
      
    
    по вкусу
  
  
    
      
        Перец черный молотый
      
    
    по вкусу
  



	window.ga('set', 'dimension7', '|doktorskaja-kolbasa|kartofel|morkov|jajco-kurinoe|luk-repchatyj|marinovannye-ogurcy|konservirovannyj-zelenyj-goroshek|majonez|sol|perec-chernyj-molotyj|');
"
https://eda.ru/recepty/salaty/salat-olive-s-krevetkami-i-zelenym-tobiko-58256,Салат оливье с креветками и зеленым тобико,1,8,0,0,"
  
  Ингредиенты
  
    порции
    
      
    
      
  


  
    
      
        Огурцы
      
    
    55 г
  
  
    
      
        Горох
      
    
    50 г
  
  
    
      
        Отварной картофель
      
    
    50 г
  
  
    
      
        Редис
      
    
    30 г
  
  
    
      
        Морковь
      
    
    50 г
  
  
    
      
        Листья сельдерея
      
    
    15 г
  
  
    
      
        Яйцо куриное
      
    
    1 штука
  
  
    
      
        Перепелиное яйцо
      
    
    20 г
  
  
    
      
        Креветки
      
    
    40 г
  
  
    
      
        Икра тобико
      
    
    10 г
  
  
    
      
        Домашний майонез
      
    
    10 г
  
  
    
      
        Оливковое масло
      
    
    10 мл
  
  
    
      
        Чесночное масло
      
    
    15 мл
  
  
    
      
        Васаби
      
    
    5 г
  



	window.ga('set', 'dimension7', '|ogurcy|goroh|otvarnoj-kartofel|redis|morkov|listja-seldereja|jajco-kurinoe|perepelinoe-jajco|krevetki|ikra-tobiko|domashnij-majonez|olivkovoe-maslo|chesnochnoe-maslo|vasabi|');
"
https://eda.ru/recepty/salaty/olive-so-smetanoy-i-mayonezom-93839,Оливье со сметаной и майонезом,4,7,0,0,"
  
  Ингредиенты
  
    порции
    
      
    
      
  


  
    
      
        Базилик
      
    
    8 г
  
  
    
      
        Отварной картофель
      
    
    180 г
  
  
    
      
        Морковь
      
    
    140 г
  
  
    
      
        Соленые огурцы
      
    
    100 г
  
  
    
      
        Говяжий язык
      
    
    60 г
  
  
    
      
        Майонез
      
    
    80 г
  
  
    
      
        Кенийская фасоль
      
    
    40 г
  
  
    
      
        Зеленый горошек
      
    
    120 г
  
  
    
      
        Морковный сок
      
    
    200 мл
  
  
    
      
        Оливковое масло extra virgin
      
    
    40 мл
  
  
    
      
        Лимонный сок
      
    
    10 мл
  
  
    
      
        Перепелиное яйцо
      
    
    4 штуки
  
  
    
      
        Петрушка
      
    
    по вкусу
  
  
    
      
        Укроп
      
    
    по вкусу
  
  
    
      
        Гренки из бородинского хлеба
      
    
    по вкусу
  
  
    
      
        Перец черный молотый
      
    
    по вкусу
  
  
    
      
        Соль
      
    
    по вкусу
  



	window.ga('set', 'dimension7', '|bazilik|otvarnoj-kartofel|morkov|solenye-ogurcy|govjazhij-jazyk|majonez|kenijskaja-fasol|zelenyj-goroshek|morkovnyj-sok|olivkovoe-maslo-extra-virgin|limonnyj-sok|perepelinoe-jajco|petrushka|ukrop|grenki-iz-borodinskogo-hleba|perec-chernyj-molotyj|sol|');
"
https://eda.ru/recepty/salaty/olive-s-yazykom-91721,Оливье с языком,10,6,0,0,"
  
  Ингредиенты
  
    порции
    
      
    
      
  


  
    
      
        Свиной язык
      
    
    500 г
  
  
    
      
        Картофель
      
    
    5 штук
  
  
    
      
        Морковь
      
    
    2 штуки
  
  
    
      
        Перепелиное яйцо
      
    
    20 штук
  
  
    
      
        Консервированный зеленый горошек
      
    
    1 банка
  
  
    
      
        Огурцы
      
    
    2 штуки
  
  
    
      
        Укроп
      
    
    1 пучок
  
  
    
      
        Петрушка
      
    
    1 пучок
  
  
    
      
        Зеленый лук
      
    
    1 пучок
  
  
    
      
        Майонез
      
    
    250 г
  
  
    
      
        Перец черный молотый
      
    
    по вкусу
  
  
    
      
        Соль
      
    
    по вкусу
  



	window.ga('set', 'dimension7', '|svinoj-jazyk|kartofel|morkov|perepelinoe-jajco|konservirovannyj-zelenyj-goroshek|ogurcy|ukrop|petrushka|zelenyj-luk|majonez|perec-chernyj-molotyj|sol|');
"
https://eda.ru/recepty/salaty/olive-na-mjasnoj-podushke-48514,Оливье на мясной подушке,6,6,0,0,"
  
  Ингредиенты
  
    порции
    
      
    
      
  


  
    
      
        Фарш
      
    
    450 г
  
  
    
      
        Лук репчатый
      
    
    1 штука
  
  
    
      
        Яйцо куриное
      
    
    7 штук
  
  
    
      
        Панировочные сухари
      
    
    6 столовых ложек
  
  
    
      
        Оливковое масло
      
    
    20 мл
  
  
    
      
        Картофель
      
    
    250 г
  
  
    
      
        Морковь
      
    
    2 штуки
  
  
    
      
        Консервированный зеленый горошек
      
    
    1 банка
  
  
    
      
        Маринованные огурцы
      
    
    6 штук
  
  
    
      
        Измельченный укроп
      
    
    2 столовые ложки
  
  
    
      
        Дижонская горчица
      
    
    1 столовая ложка
  
  
    
      
        Соль
      
    
    по вкусу
  
  
    
      
        Перец черный молотый
      
    
    по вкусу
  
  
    
      
        Винный уксус
      
    
    4 столовые ложки
  
  
    
      
        Сметана 15%-ная
      
    
    300 г
  



	window.ga('set', 'dimension7', '|farsh|luk-repchatyj|jajco-kurinoe|panirovochnye-suhari|olivkovoe-maslo|kartofel|morkov|konservirovannyj-zelenyj-goroshek|marinovannye-ogurcy|izmelchennyj-ukrop|dizhonskaja-gorchica|sol|perec-chernyj-molotyj|vinnyj-uksus|smetana-15-naja|');
"
https://eda.ru/recepty/salaty/salat-olive-bez-kartoshki-po-tolstovki-126425,Салат «Оливье без картошки по-толстовки»,4,5,0,0,"
  
  Ингредиенты
  
    порции
    
      
    
      
  


  
    
      
        Курица
      
    
    1 штука
  
  
    
      
        Морковь
      
    
    8 штук
  
  
    
      
        Яйцо куриное
      
    
    10 штук
  
  
    
      
        Зеленый горошек
      
    
    1 банка
  
  
    
      
        Каперсы
      
    
    100 г
  
  
    
      
        Соленые огурцы
      
    
    4 штуки
  
  
    
      
        Огурцы
      
    
    1 штука
  
  
    
      
        Кинза
      
    
    100 г
  
  
    
      
        Яблоко
      
    
    1 штука
  
  
    
      
        Квашеная капуста
      
    
    200 г
  
  
    
      
        Сметана 20%-ная
      
    
    100 г
  
  
    
      
        Лимонный сок
      
    
    6 столовых ложек
  
  
    
      
        Сахар
      
    
    2 столовые ложки
  
  
    
      
        Майонез
      
    
    200 г
  



	window.ga('set', 'dimension7', '|kurica|morkov|jajco-kurinoe|zelenyj-goroshek|kapersy|solenye-ogurcy|ogurcy|kinza|jabloko|kvashenaja-kapusta|smetana-20-naja|limonnyj-sok|sahar|majonez|');
"
https://eda.ru/recepty/salaty/veganskiy-olive-126168,Веганский оливье,4,3,0,0,"
  
  Ингредиенты
  
    порции
    
      
    
      
  


  
    
      
        Мини картофель 
      
    
    260 г
  
  
    
      
        Морковь
      
    
    1 штука
  
  
    
      
        Соленые огурцы
      
    
    1 штука
  
  
    
      
        Тофу
      
    
    60 г
  
  
    
      
        Колбаса вегетарианская
      
    
    130 г
  
  
    
      
        Огурцы
      
    
    1 штука
  
  
    
      
        Зеленый горошек
      
    
    60 г
  
  
    
      
        Легкий майонез
      
    
    160 г
  
  
    
      
        Укроп
      
    
    1 веточка
  



	window.ga('set', 'dimension7', '|mini-kartofel|morkov|solenye-ogurcy|tofu|kolbasa-vegetarianskaja|ogurcy|zelenyj-goroshek|legkij-majonez|ukrop|');
"
https://eda.ru/recepty/salaty/vegetarianskij-olive-51240,Вегетарианский оливье,6,2,0,0,"
  
  Ингредиенты
  
    порции
    
      
    
      
  


  
    
      
        Картофель
      
    
    500 г
  
  
    
      
        Морковь
      
    
    250 г
  
  
    
      
        Консервированный зеленый горошек
      
    
    1 банка
  
  
    
      
        Соленые огурцы
      
    
    3 штуки
  
  
    
      
        Майонез
      
    
    по вкусу
  
  
    
      
        Адыгейский сыр
      
    
    150 г
  
  
    
      
        Сметана
      
    
    по вкусу
  
  
    
      
        Черная соль
      
    
    1 чайная ложка
  
  
    
      
        Перец черный молотый
      
    
    по вкусу
  



	window.ga('set', 'dimension7', '|kartofel|morkov|konservirovannyj-zelenyj-goroshek|solenye-ogurcy|majonez|adygejskij-syr|smetana|chernaja-sol|perec-chernyj-molotyj|');
"
https://eda.ru/recepty/salaty/olive-s-bolgarskim-percem-126134,Оливье с болгарским перцем,6,2,0,0,"
  
  Ингредиенты
  
    порции
    
      
    
      
  


  
    
      
        Куриная грудка
      
    
    600 г
  
  
    
      
        Консервированный зеленый горошек
      
    
    1 банка
  
  
    
      
        Яйцо куриное
      
    
    3 штуки
  
  
    
      
        Морковь
      
    
    2 штуки
  
  
    
      
        Огурцы
      
    
    2 штуки
  
  
    
      
        Сладкий перец
      
    
    1 штука
  
  
    
      
        Картофель
      
    
    2 штуки
  
  
    
      
        Лук
      
    
    1 штука
  
  
    
      
        Оливковый майонез
      
    
    по вкусу
  



	window.ga('set', 'dimension7', '|kurinaja-grudka|konservirovannyj-zelenyj-goroshek|jajco-kurinoe|morkov|ogurcy|sladkij-perec|kartofel|luk|olivkovyj-majonez|');
"
https://eda.ru/recepty/salaty/olive-s-veganskimi-sosiskami-136866,Оливье с веганскими сосисками,2,1,0,0,"
  
  Ингредиенты
  
    порции
    
      
    
      
  


  
    
      
        Картофель
      
    
    100 г
  
  
    
      
        Морковь
      
    
    100 г
  
  
    
      
        Зеленый горошек
      
    
    100 г
  
  
    
      
        Сосиски
      
    
    100 г
  
  
    
      
        Твердый тофу
      
    
    100 г
  
  
    
      
        Огурцы
      
    
    50 г
  
  
    
      
        Соленые огурцы
      
    
    50 г
  
  
    
      
        Растительное масло
      
    
    30 мл
  
  
    
      
        Кокосовое масло
      
    
    15 мл
  
  
    
      
        Тофу
      
    
    15 г
  
  
    
      
        Дижонская горчица
      
    
    ½ чайной ложки
  
  
    
      
        Соевое молоко
      
    
    30 мл
  
  
    
      
        Сок лайма
      
    
    ½ столовой ложки
  
  
    
      
        Белый винный уксус
      
    
    по вкусу
  
  
    
      
        Соль
      
    
    по вкусу
  



	window.ga('set', 'dimension7', '|kartofel|morkov|zelenyj-goroshek|sosiski|tverdyj-tofu|ogurcy|solenye-ogurcy|rastitelnoe-maslo|kokosovoe-maslo|tofu|dizhonskaja-gorchica|soevoe-moloko|sok-lajma|belyj-vinnyj-uksus|sol|');
"
