link,name,portions,bookmarks,likes,comments
https://eda.ru/recepty/salaty/olive-po-sovetski-20471,Оливье по-советски,10,5905,445,50
https://eda.ru/recepty/salaty/olive-s-krevetkami-avokado-domashnim-majonezom-20056,"Оливье с креветками, авакадо и домашним майонезом",4,1488,59,13
https://eda.ru/recepty/salaty/olive-s-lososem-55915,Оливье с лососем,5,1146,38,3
https://eda.ru/recepty/salaty/olive-54990,Оливье,8,1141,42,3
https://eda.ru/recepty/salaty/olive-s-varenoj-kolbasoj-26436,Оливье с вареной колбасой ,4,1031,93,11
https://eda.ru/recepty/salaty/salat-olive-s-mjasom-i-svezhimi-ogurcami-20594,Салат оливье с мясом и свежими огурцами,4,844,43,2
https://eda.ru/recepty/salaty/nizkokalorijnij-olive-32007,Низкокалорийный оливье ,2,717,24,4
https://eda.ru/recepty/salaty/olive-s-shampinonami-26142,Оливье с шампиньонами,4,663,36,10
https://eda.ru/recepty/salaty/olive-s-jablokami-26135,Оливье с яблоками,4,657,43,2
https://eda.ru/recepty/salaty/salat-olive-ot-shef-povara-restorana-bolshoj-s-file-ciplenka-na-grile-23939,Салат оливье от шеф-повара ресторана “Большой” с филе ципленка на гриле,2,432,10,2
https://eda.ru/recepty/salaty/olive-s-solenimi-ogurcami-26134,Оливье с солеными огурцами,4,376,34,3
https://eda.ru/recepty/salaty/carskij-olive-35270,Царский оливье,2,375,11,4
https://eda.ru/recepty/salaty/novogodnij-sovetskij-olive-s-govjadinoj-41519,Новогодний советский «Оливье» с говядиной,2,266,14,1
https://eda.ru/recepty/salaty/olive-po-starinnomu-receptu-33157,Оливье по-старинному рецепту,6,248,6,2
https://eda.ru/recepty/salaty/olive-s-kopchenoj-riboj-i-kamchatskim-krabom-55912,Оливье с копченой рыбой и камчатским крабом,5,233,8,2
https://eda.ru/recepty/salaty/vegetarianskij-olive-s-zharenim-adigejskim-sirom-51748,Вегетарианский оливье с жареным адыгейским сыром,6,224,10,0
https://eda.ru/recepty/salaty/olive-s-pechenim-kartofelem-kuricej-i-govjazhim-jazikom-55891,"Оливье с печеным картофелем, курицей и говяжьим языком",1,214,8,2
https://eda.ru/recepty/salaty/olive-so-smetanoj-gorchicej-i-pechenoj-kuricej-34941,"Оливье со сметаной, горчицей и печеной курицей",6,212,12,3
https://eda.ru/recepty/salaty/olive-s-krevetkami-i-kapersami-26493,Оливье с креветками и каперсами ,4,211,7,1
https://eda.ru/recepty/salaty/olive-s-olivkami-26440,Оливье с оливками,6,197,8,0
https://eda.ru/recepty/salaty/olive-s-utkoj-55951,Оливье с уткой,10,176,3,0
https://eda.ru/recepty/salaty/olive-s-domashnim-majonezom-21318,Оливье с домашним майонезом,6,161,9,2
https://eda.ru/recepty/salaty/salat-olive-s-vetchinoj-i-ananasom-22903,Салат оливье с ветчиной и ананасом,4,161,8,0
https://eda.ru/recepty/salaty/olive-s-kopchenoj-kurinoj-grudkoj-55893,Оливье с копченой куриной грудкой,1,157,3,1
https://eda.ru/recepty/salaty/olive-s-rostbifom-26438,Оливье с ростбифом,2,148,12,0
https://eda.ru/recepty/salaty/vegetarianskij-olive-s-avokado-34747,Вегетарианский оливье с авокадо,4,134,4,0
https://eda.ru/recepty/salaty/ribnij-olive-22907,Рыбный оливье,4,120,10,1
https://eda.ru/recepty/salaty/olive-po-gendelevski-14427,Оливье по-генделевски,4,118,4,0
https://eda.ru/recepty/salaty/olive-s-marinovannimi-gribami-26145,Оливье с маринованными грибами,4,116,13,0
https://eda.ru/recepty/salaty/salat-olive-s-kabachkami-22906,Салат оливье с кабачками,4,111,6,1
https://eda.ru/recepty/salaty/olive-s-rjabchikami-i-rakovimi-shejkami-19495,Оливье с рябчиками и раковыми шейками,4,107,5,0
https://eda.ru/recepty/salaty/olive-so-svezhimi-ogurcami-28403,Оливье со свежими огурцами,4,101,4,0
https://eda.ru/recepty/salaty/olive-dieticheskij-31683,Оливье диетический,3,96,1,0
https://eda.ru/recepty/salaty/olive-po-staromoskovski-26139,Оливье по-старомосковски,4,93,1,0
https://eda.ru/recepty/salaty/salat-olive-s-pechenju-22904,Салат оливье с печенью ,4,86,6,0
https://eda.ru/recepty/salaty/sloenij-olive-s-risom-26437,Слоеный оливье с рисом,4,83,4,3
https://eda.ru/recepty/salaty/olive-po-vesennemu-s-jazikom-36237,Оливье по-весеннему с языком,4,76,4,1
https://eda.ru/recepty/salaty/olive-s-krabom-i-antonovskim-jablokom-56083,Оливье с крабом и антоновским яблоком,4,72,1,0
https://eda.ru/recepty/salaty/olive-s-rjabchikami-ikroj-26490,Оливье с рябчиками и икрой,4,71,5,0
https://eda.ru/recepty/salaty/olive-iz-pushkina-91622,Оливье из «Пушкина»,1,70,2,0
https://eda.ru/recepty/salaty/olive-s-krevetkami-33131,Оливье с креветками,7,66,3,1
https://eda.ru/recepty/salaty/siroedcheskij-olive-34777,Сыроедческий оливье,2,64,0,0
https://eda.ru/recepty/salaty/olive-s-kuricej-selderem-i-cvetnoj-kapustoj-47787,"«Оливье» с курицей, сельдерем и цветной капустой",5,61,2,2
https://eda.ru/recepty/salaty/salat-olive-s-kolrabi-36128,Салат оливье с кольраби,10,60,4,0
https://eda.ru/recepty/salaty/olive-vegetarianskij-30523,Оливье вегетарианский,1,57,2,0
https://eda.ru/recepty/salaty/olive-s-krasnim-sladkim-percem-kislim-jablokom-26140,Оливье с красным сладким перцем и кислым яблоком,4,56,1,1
https://eda.ru/recepty/salaty/olive-s-hurmoy-i-kamchatskim-krabom-91621,Оливье с хурмой и камчатским крабом,1,53,2,2
https://eda.ru/recepty/salaty/dieticheskij-olive-s-moreproduktami-i-smetanoj-46440,Диетический «Оливье» с морепродуктами и сметаной,3,51,1,0
https://eda.ru/recepty/salaty/olive-s-bekonom-26137,Оливье с беконом,4,49,4,0
https://eda.ru/recepty/osnovnye-blyuda/olive-s-rakami-i-zhele-91558,Оливье с раками и желе,1,48,1,0
https://eda.ru/recepty/salaty/olive-s-perepelkami-i-rakovimi-shejkami-55894,Оливье с перепелками и раковыми шейками,4,47,1,0
https://eda.ru/recepty/salaty/postnyy-olive-s-krevetkami-i-medovo-gorchichnym-sousom-58419,Постный оливье с креветками и медово-горчичным соусом,4,46,1,0
https://eda.ru/recepty/salaty/olive-s-utinoj-grudkoj-26138,Оливье с утиной грудкой,4,42,3,0
https://eda.ru/recepty/salaty/olive-s-morskim-koktejlem-33066,Оливье с морским коктейлем,7,39,3,0
https://eda.ru/recepty/salaty/olive-so-slabosolenym-lososem-i-yablokom-91631,Оливье со слабосоленым лососем и яблоком ,2,35,3,0
https://eda.ru/recepty/salaty/olive-s-servelatom-26136,Оливье с сервелатом,6,33,1,0
https://eda.ru/recepty/salaty/olive-s-kopchenoy-grudkoy-cesarki-91627,Оливье с копченой грудкой цесарки,1,28,0,0
https://eda.ru/recepty/salaty/olive-s-oleninoy-i-percem-26143,Оливье с олениной и перцем,4,26,3,0
https://eda.ru/recepty/salaty/olive-s-kopchenoj-kuricej-31320,Оливье с копченой курицей,5,26,1,0
https://eda.ru/recepty/salaty/olive-s-makaronami-25144,Оливье с макаронами,4,20,2,0
https://eda.ru/recepty/salaty/olive-po-novomu-30566,Оливье по-новому,6,19,2,0
https://eda.ru/recepty/salaty/olive-zhivago-81325,Оливье «Живаго»,2,17,0,0
https://eda.ru/recepty/salaty/olive-s-varenoj-kolbasoj-i-solenimi-ogurcami-45146,«Оливье» с вареной колбасой и солеными огурцами,4,17,1,0
https://eda.ru/recepty/salaty/olive-s-kapersami-26141,Оливье с каперсами,6,16,0,0
https://eda.ru/recepty/salaty/salat-olive-s-lososem-ot-restorana-91776,Салат оливье с лососем от ресторана,1,15,0,0
https://eda.ru/recepty/salaty/vegetarianskij-olive-s-seldereem-i-gorchichnim-sousom-47970,Вегетарианский оливье с сельдереем и горчичным соусом,4,15,0,0
https://eda.ru/recepty/salaty/olive-s-govjazhim-jazikom-i-maslinami-46408,Оливье с говяжьим языком и маслинами,4,14,0,0
https://eda.ru/recepty/salaty/olive-s-oleninoy-91623,Оливье с олениной,1,13,0,0
https://eda.ru/recepty/zakuski/olive-s-utkoj-po-receptu-njani-i-i-oblomova-53070,Оливье с уткой по рецепту няни И.И.Обломова,8,13,0,0
https://eda.ru/recepty/salaty/salat-olive-52929,Салат «Оливье»,4,8,0,0
https://eda.ru/recepty/salaty/salat-olive-s-krevetkami-i-zelenym-tobiko-58256,Салат оливье с креветками и зеленым тобико,1,8,0,0
https://eda.ru/recepty/salaty/olive-so-smetanoy-i-mayonezom-93839,Оливье со сметаной и майонезом,4,7,0,0
https://eda.ru/recepty/salaty/olive-s-yazykom-91721,Оливье с языком,10,6,0,0
https://eda.ru/recepty/salaty/olive-na-mjasnoj-podushke-48514,Оливье на мясной подушке,6,6,0,0
https://eda.ru/recepty/salaty/salat-olive-bez-kartoshki-po-tolstovki-126425,Салат «Оливье без картошки по-толстовки»,4,5,0,0
https://eda.ru/recepty/salaty/veganskiy-olive-126168,Веганский оливье,4,3,0,0
https://eda.ru/recepty/salaty/vegetarianskij-olive-51240,Вегетарианский оливье,6,2,0,0
https://eda.ru/recepty/salaty/olive-s-bolgarskim-percem-126134,Оливье с болгарским перцем,6,2,0,0
https://eda.ru/recepty/salaty/olive-s-veganskimi-sosiskami-136866,Оливье с веганскими сосисками,2,1,0,0
